"date","value"
"1749 Jan 01",58
"1749 Feb 01",62.6
"1749 Mar 01",70
"1749 Apr 01",55.7
"1749 May 01",85
"1749 Jun 01",83.5
"1749 Jul 01",94.8
"1749 Aug 01",66.3
"1749 Sep 01",75.9
"1749 Oct 01",75.5
"1749 Nov 01",158.6
"1749 Dec 01",85.2
"1750 Jan 01",73.3
"1750 Feb 01",75.9
"1750 Mar 01",89.2
"1750 Apr 01",88.3
"1750 May 01",90
"1750 Jun 01",100
"1750 Jul 01",85.4
"1750 Aug 01",103
"1750 Sep 01",91.2
"1750 Oct 01",65.7
"1750 Nov 01",63.3
"1750 Dec 01",75.4
"1751 Jan 01",70
"1751 Feb 01",43.5
"1751 Mar 01",45.3
"1751 Apr 01",56.4
"1751 May 01",60.7
"1751 Jun 01",50.7
"1751 Jul 01",66.3
"1751 Aug 01",59.8
"1751 Sep 01",23.5
"1751 Oct 01",23.2
"1751 Nov 01",28.5
"1751 Dec 01",44
"1752 Jan 01",35
"1752 Feb 01",50
"1752 Mar 01",71
"1752 Apr 01",59.3
"1752 May 01",59.7
"1752 Jun 01",39.6
"1752 Jul 01",78.4
"1752 Aug 01",29.3
"1752 Sep 01",27.1
"1752 Oct 01",46.6
"1752 Nov 01",37.6
"1752 Dec 01",40
"1753 Jan 01",44
"1753 Feb 01",32
"1753 Mar 01",45.7
"1753 Apr 01",38
"1753 May 01",36
"1753 Jun 01",31.7
"1753 Jul 01",22
"1753 Aug 01",39
"1753 Sep 01",28
"1753 Oct 01",25
"1753 Nov 01",20
"1753 Dec 01",6.7
"1754 Jan 01",0
"1754 Feb 01",3
"1754 Mar 01",1.7
"1754 Apr 01",13.7
"1754 May 01",20.7
"1754 Jun 01",26.7
"1754 Jul 01",18.8
"1754 Aug 01",12.3
"1754 Sep 01",8.2
"1754 Oct 01",24.1
"1754 Nov 01",13.2
"1754 Dec 01",4.2
"1755 Jan 01",10.2
"1755 Feb 01",11.2
"1755 Mar 01",6.8
"1755 Apr 01",6.5
"1755 May 01",0
"1755 Jun 01",0
"1755 Jul 01",8.6
"1755 Aug 01",3.2
"1755 Sep 01",17.8
"1755 Oct 01",23.7
"1755 Nov 01",6.8
"1755 Dec 01",20
"1756 Jan 01",12.5
"1756 Feb 01",7.1
"1756 Mar 01",5.4
"1756 Apr 01",9.4
"1756 May 01",12.5
"1756 Jun 01",12.9
"1756 Jul 01",3.6
"1756 Aug 01",6.4
"1756 Sep 01",11.8
"1756 Oct 01",14.3
"1756 Nov 01",17
"1756 Dec 01",9.4
"1757 Jan 01",14.1
"1757 Feb 01",21.2
"1757 Mar 01",26.2
"1757 Apr 01",30
"1757 May 01",38.1
"1757 Jun 01",12.8
"1757 Jul 01",25
"1757 Aug 01",51.3
"1757 Sep 01",39.7
"1757 Oct 01",32.5
"1757 Nov 01",64.7
"1757 Dec 01",33.5
"1758 Jan 01",37.6
"1758 Feb 01",52
"1758 Mar 01",49
"1758 Apr 01",72.3
"1758 May 01",46.4
"1758 Jun 01",45
"1758 Jul 01",44
"1758 Aug 01",38.7
"1758 Sep 01",62.5
"1758 Oct 01",37.7
"1758 Nov 01",43
"1758 Dec 01",43
"1759 Jan 01",48.3
"1759 Feb 01",44
"1759 Mar 01",46.8
"1759 Apr 01",47
"1759 May 01",49
"1759 Jun 01",50
"1759 Jul 01",51
"1759 Aug 01",71.3
"1759 Sep 01",77.2
"1759 Oct 01",59.7
"1759 Nov 01",46.3
"1759 Dec 01",57
"1760 Jan 01",67.3
"1760 Feb 01",59.5
"1760 Mar 01",74.7
"1760 Apr 01",58.3
"1760 May 01",72
"1760 Jun 01",48.3
"1760 Jul 01",66
"1760 Aug 01",75.6
"1760 Sep 01",61.3
"1760 Oct 01",50.6
"1760 Nov 01",59.7
"1760 Dec 01",61
"1761 Jan 01",70
"1761 Feb 01",91
"1761 Mar 01",80.7
"1761 Apr 01",71.7
"1761 May 01",107.2
"1761 Jun 01",99.3
"1761 Jul 01",94.1
"1761 Aug 01",91.1
"1761 Sep 01",100.7
"1761 Oct 01",88.7
"1761 Nov 01",89.7
"1761 Dec 01",46
"1762 Jan 01",43.8
"1762 Feb 01",72.8
"1762 Mar 01",45.7
"1762 Apr 01",60.2
"1762 May 01",39.9
"1762 Jun 01",77.1
"1762 Jul 01",33.8
"1762 Aug 01",67.7
"1762 Sep 01",68.5
"1762 Oct 01",69.3
"1762 Nov 01",77.8
"1762 Dec 01",77.2
"1763 Jan 01",56.5
"1763 Feb 01",31.9
"1763 Mar 01",34.2
"1763 Apr 01",32.9
"1763 May 01",32.7
"1763 Jun 01",35.8
"1763 Jul 01",54.2
"1763 Aug 01",26.5
"1763 Sep 01",68.1
"1763 Oct 01",46.3
"1763 Nov 01",60.9
"1763 Dec 01",61.4
"1764 Jan 01",59.7
"1764 Feb 01",59.7
"1764 Mar 01",40.2
"1764 Apr 01",34.4
"1764 May 01",44.3
"1764 Jun 01",30
"1764 Jul 01",30
"1764 Aug 01",30
"1764 Sep 01",28.2
"1764 Oct 01",28
"1764 Nov 01",26
"1764 Dec 01",25.7
"1765 Jan 01",24
"1765 Feb 01",26
"1765 Mar 01",25
"1765 Apr 01",22
"1765 May 01",20.2
"1765 Jun 01",20
"1765 Jul 01",27
"1765 Aug 01",29.7
"1765 Sep 01",16
"1765 Oct 01",14
"1765 Nov 01",14
"1765 Dec 01",13
"1766 Jan 01",12
"1766 Feb 01",11
"1766 Mar 01",36.6
"1766 Apr 01",6
"1766 May 01",26.8
"1766 Jun 01",3
"1766 Jul 01",3.3
"1766 Aug 01",4
"1766 Sep 01",4.3
"1766 Oct 01",5
"1766 Nov 01",5.7
"1766 Dec 01",19.2
"1767 Jan 01",27.4
"1767 Feb 01",30
"1767 Mar 01",43
"1767 Apr 01",32.9
"1767 May 01",29.8
"1767 Jun 01",33.3
"1767 Jul 01",21.9
"1767 Aug 01",40.8
"1767 Sep 01",42.7
"1767 Oct 01",44.1
"1767 Nov 01",54.7
"1767 Dec 01",53.3
"1768 Jan 01",53.5
"1768 Feb 01",66.1
"1768 Mar 01",46.3
"1768 Apr 01",42.7
"1768 May 01",77.7
"1768 Jun 01",77.4
"1768 Jul 01",52.6
"1768 Aug 01",66.8
"1768 Sep 01",74.8
"1768 Oct 01",77.8
"1768 Nov 01",90.6
"1768 Dec 01",111.8
"1769 Jan 01",73.9
"1769 Feb 01",64.2
"1769 Mar 01",64.3
"1769 Apr 01",96.7
"1769 May 01",73.6
"1769 Jun 01",94.4
"1769 Jul 01",118.6
"1769 Aug 01",120.3
"1769 Sep 01",148.8
"1769 Oct 01",158.2
"1769 Nov 01",148.1
"1769 Dec 01",112
"1770 Jan 01",104
"1770 Feb 01",142.5
"1770 Mar 01",80.1
"1770 Apr 01",51
"1770 May 01",70.1
"1770 Jun 01",83.3
"1770 Jul 01",109.8
"1770 Aug 01",126.3
"1770 Sep 01",104.4
"1770 Oct 01",103.6
"1770 Nov 01",132.2
"1770 Dec 01",102.3
"1771 Jan 01",36
"1771 Feb 01",46.2
"1771 Mar 01",46.7
"1771 Apr 01",64.9
"1771 May 01",152.7
"1771 Jun 01",119.5
"1771 Jul 01",67.7
"1771 Aug 01",58.5
"1771 Sep 01",101.4
"1771 Oct 01",90
"1771 Nov 01",99.7
"1771 Dec 01",95.7
"1772 Jan 01",100.9
"1772 Feb 01",90.8
"1772 Mar 01",31.1
"1772 Apr 01",92.2
"1772 May 01",38
"1772 Jun 01",57
"1772 Jul 01",77.3
"1772 Aug 01",56.2
"1772 Sep 01",50.5
"1772 Oct 01",78.6
"1772 Nov 01",61.3
"1772 Dec 01",64
"1773 Jan 01",54.6
"1773 Feb 01",29
"1773 Mar 01",51.2
"1773 Apr 01",32.9
"1773 May 01",41.1
"1773 Jun 01",28.4
"1773 Jul 01",27.7
"1773 Aug 01",12.7
"1773 Sep 01",29.3
"1773 Oct 01",26.3
"1773 Nov 01",40.9
"1773 Dec 01",43.2
"1774 Jan 01",46.8
"1774 Feb 01",65.4
"1774 Mar 01",55.7
"1774 Apr 01",43.8
"1774 May 01",51.3
"1774 Jun 01",28.5
"1774 Jul 01",17.5
"1774 Aug 01",6.6
"1774 Sep 01",7.9
"1774 Oct 01",14
"1774 Nov 01",17.7
"1774 Dec 01",12.2
"1775 Jan 01",4.4
"1775 Feb 01",0
"1775 Mar 01",11.6
"1775 Apr 01",11.2
"1775 May 01",3.9
"1775 Jun 01",12.3
"1775 Jul 01",1
"1775 Aug 01",7.9
"1775 Sep 01",3.2
"1775 Oct 01",5.6
"1775 Nov 01",15.1
"1775 Dec 01",7.9
"1776 Jan 01",21.7
"1776 Feb 01",11.6
"1776 Mar 01",6.3
"1776 Apr 01",21.8
"1776 May 01",11.2
"1776 Jun 01",19
"1776 Jul 01",1
"1776 Aug 01",24.2
"1776 Sep 01",16
"1776 Oct 01",30
"1776 Nov 01",35
"1776 Dec 01",40
"1777 Jan 01",45
"1777 Feb 01",36.5
"1777 Mar 01",39
"1777 Apr 01",95.5
"1777 May 01",80.3
"1777 Jun 01",80.7
"1777 Jul 01",95
"1777 Aug 01",112
"1777 Sep 01",116.2
"1777 Oct 01",106.5
"1777 Nov 01",146
"1777 Dec 01",157.3
"1778 Jan 01",177.3
"1778 Feb 01",109.3
"1778 Mar 01",134
"1778 Apr 01",145
"1778 May 01",238.9
"1778 Jun 01",171.6
"1778 Jul 01",153
"1778 Aug 01",140
"1778 Sep 01",171.7
"1778 Oct 01",156.3
"1778 Nov 01",150.3
"1778 Dec 01",105
"1779 Jan 01",114.7
"1779 Feb 01",165.7
"1779 Mar 01",118
"1779 Apr 01",145
"1779 May 01",140
"1779 Jun 01",113.7
"1779 Jul 01",143
"1779 Aug 01",112
"1779 Sep 01",111
"1779 Oct 01",124
"1779 Nov 01",114
"1779 Dec 01",110
"1780 Jan 01",70
"1780 Feb 01",98
"1780 Mar 01",98
"1780 Apr 01",95
"1780 May 01",107.2
"1780 Jun 01",88
"1780 Jul 01",86
"1780 Aug 01",86
"1780 Sep 01",93.7
"1780 Oct 01",77
"1780 Nov 01",60
"1780 Dec 01",58.7
"1781 Jan 01",98.7
"1781 Feb 01",74.7
"1781 Mar 01",53
"1781 Apr 01",68.3
"1781 May 01",104.7
"1781 Jun 01",97.7
"1781 Jul 01",73.5
"1781 Aug 01",66
"1781 Sep 01",51
"1781 Oct 01",27.3
"1781 Nov 01",67
"1781 Dec 01",35.2
"1782 Jan 01",54
"1782 Feb 01",37.5
"1782 Mar 01",37
"1782 Apr 01",41
"1782 May 01",54.3
"1782 Jun 01",38
"1782 Jul 01",37
"1782 Aug 01",44
"1782 Sep 01",34
"1782 Oct 01",23.2
"1782 Nov 01",31.5
"1782 Dec 01",30
"1783 Jan 01",28
"1783 Feb 01",38.7
"1783 Mar 01",26.7
"1783 Apr 01",28.3
"1783 May 01",23
"1783 Jun 01",25.2
"1783 Jul 01",32.2
"1783 Aug 01",20
"1783 Sep 01",18
"1783 Oct 01",8
"1783 Nov 01",15
"1783 Dec 01",10.5
"1784 Jan 01",13
"1784 Feb 01",8
"1784 Mar 01",11
"1784 Apr 01",10
"1784 May 01",6
"1784 Jun 01",9
"1784 Jul 01",6
"1784 Aug 01",10
"1784 Sep 01",10
"1784 Oct 01",8
"1784 Nov 01",17
"1784 Dec 01",14
"1785 Jan 01",6.5
"1785 Feb 01",8
"1785 Mar 01",9
"1785 Apr 01",15.7
"1785 May 01",20.7
"1785 Jun 01",26.3
"1785 Jul 01",36.3
"1785 Aug 01",20
"1785 Sep 01",32
"1785 Oct 01",47.2
"1785 Nov 01",40.2
"1785 Dec 01",27.3
"1786 Jan 01",37.2
"1786 Feb 01",47.6
"1786 Mar 01",47.7
"1786 Apr 01",85.4
"1786 May 01",92.3
"1786 Jun 01",59
"1786 Jul 01",83
"1786 Aug 01",89.7
"1786 Sep 01",111.5
"1786 Oct 01",112.3
"1786 Nov 01",116
"1786 Dec 01",112.7
"1787 Jan 01",134.7
"1787 Feb 01",106
"1787 Mar 01",87.4
"1787 Apr 01",127.2
"1787 May 01",134.8
"1787 Jun 01",99.2
"1787 Jul 01",128
"1787 Aug 01",137.2
"1787 Sep 01",157.3
"1787 Oct 01",157
"1787 Nov 01",141.5
"1787 Dec 01",174
"1788 Jan 01",138
"1788 Feb 01",129.2
"1788 Mar 01",143.3
"1788 Apr 01",108.5
"1788 May 01",113
"1788 Jun 01",154.2
"1788 Jul 01",141.5
"1788 Aug 01",136
"1788 Sep 01",141
"1788 Oct 01",142
"1788 Nov 01",94.7
"1788 Dec 01",129.5
"1789 Jan 01",114
"1789 Feb 01",125.3
"1789 Mar 01",120
"1789 Apr 01",123.3
"1789 May 01",123.5
"1789 Jun 01",120
"1789 Jul 01",117
"1789 Aug 01",103
"1789 Sep 01",112
"1789 Oct 01",89.7
"1789 Nov 01",134
"1789 Dec 01",135.5
"1790 Jan 01",103
"1790 Feb 01",127.5
"1790 Mar 01",96.3
"1790 Apr 01",94
"1790 May 01",93
"1790 Jun 01",91
"1790 Jul 01",69.3
"1790 Aug 01",87
"1790 Sep 01",77.3
"1790 Oct 01",84.3
"1790 Nov 01",82
"1790 Dec 01",74
"1791 Jan 01",72.7
"1791 Feb 01",62
"1791 Mar 01",74
"1791 Apr 01",77.2
"1791 May 01",73.7
"1791 Jun 01",64.2
"1791 Jul 01",71
"1791 Aug 01",43
"1791 Sep 01",66.5
"1791 Oct 01",61.7
"1791 Nov 01",67
"1791 Dec 01",66
"1792 Jan 01",58
"1792 Feb 01",64
"1792 Mar 01",63
"1792 Apr 01",75.7
"1792 May 01",62
"1792 Jun 01",61
"1792 Jul 01",45.8
"1792 Aug 01",60
"1792 Sep 01",59
"1792 Oct 01",59
"1792 Nov 01",57
"1792 Dec 01",56
"1793 Jan 01",56
"1793 Feb 01",55
"1793 Mar 01",55.5
"1793 Apr 01",53
"1793 May 01",52.3
"1793 Jun 01",51
"1793 Jul 01",50
"1793 Aug 01",29.3
"1793 Sep 01",24
"1793 Oct 01",47
"1793 Nov 01",44
"1793 Dec 01",45.7
"1794 Jan 01",45
"1794 Feb 01",44
"1794 Mar 01",38
"1794 Apr 01",28.4
"1794 May 01",55.7
"1794 Jun 01",41.5
"1794 Jul 01",41
"1794 Aug 01",40
"1794 Sep 01",11.1
"1794 Oct 01",28.5
"1794 Nov 01",67.4
"1794 Dec 01",51.4
"1795 Jan 01",21.4
"1795 Feb 01",39.9
"1795 Mar 01",12.6
"1795 Apr 01",18.6
"1795 May 01",31
"1795 Jun 01",17.1
"1795 Jul 01",12.9
"1795 Aug 01",25.7
"1795 Sep 01",13.5
"1795 Oct 01",19.5
"1795 Nov 01",25
"1795 Dec 01",18
"1796 Jan 01",22
"1796 Feb 01",23.8
"1796 Mar 01",15.7
"1796 Apr 01",31.7
"1796 May 01",21
"1796 Jun 01",6.7
"1796 Jul 01",26.9
"1796 Aug 01",1.5
"1796 Sep 01",18.4
"1796 Oct 01",11
"1796 Nov 01",8.4
"1796 Dec 01",5.1
"1797 Jan 01",14.4
"1797 Feb 01",4.2
"1797 Mar 01",4
"1797 Apr 01",4
"1797 May 01",7.3
"1797 Jun 01",11.1
"1797 Jul 01",4.3
"1797 Aug 01",6
"1797 Sep 01",5.7
"1797 Oct 01",6.9
"1797 Nov 01",5.8
"1797 Dec 01",3
"1798 Jan 01",2
"1798 Feb 01",4
"1798 Mar 01",12.4
"1798 Apr 01",1.1
"1798 May 01",0
"1798 Jun 01",0
"1798 Jul 01",0
"1798 Aug 01",3
"1798 Sep 01",2.4
"1798 Oct 01",1.5
"1798 Nov 01",12.5
"1798 Dec 01",9.9
"1799 Jan 01",1.6
"1799 Feb 01",12.6
"1799 Mar 01",21.7
"1799 Apr 01",8.4
"1799 May 01",8.2
"1799 Jun 01",10.6
"1799 Jul 01",2.1
"1799 Aug 01",0
"1799 Sep 01",0
"1799 Oct 01",4.6
"1799 Nov 01",2.7
"1799 Dec 01",8.6
"1800 Jan 01",6.9
"1800 Feb 01",9.3
"1800 Mar 01",13.9
"1800 Apr 01",0
"1800 May 01",5
"1800 Jun 01",23.7
"1800 Jul 01",21
"1800 Aug 01",19.5
"1800 Sep 01",11.5
"1800 Oct 01",12.3
"1800 Nov 01",10.5
"1800 Dec 01",40.1
"1801 Jan 01",27
"1801 Feb 01",29
"1801 Mar 01",30
"1801 Apr 01",31
"1801 May 01",32
"1801 Jun 01",31.2
"1801 Jul 01",35
"1801 Aug 01",38.7
"1801 Sep 01",33.5
"1801 Oct 01",32.6
"1801 Nov 01",39.8
"1801 Dec 01",48.2
"1802 Jan 01",47.8
"1802 Feb 01",47
"1802 Mar 01",40.8
"1802 Apr 01",42
"1802 May 01",44
"1802 Jun 01",46
"1802 Jul 01",48
"1802 Aug 01",50
"1802 Sep 01",51.8
"1802 Oct 01",38.5
"1802 Nov 01",34.5
"1802 Dec 01",50
"1803 Jan 01",50
"1803 Feb 01",50.8
"1803 Mar 01",29.5
"1803 Apr 01",25
"1803 May 01",44.3
"1803 Jun 01",36
"1803 Jul 01",48.3
"1803 Aug 01",34.1
"1803 Sep 01",45.3
"1803 Oct 01",54.3
"1803 Nov 01",51
"1803 Dec 01",48
"1804 Jan 01",45.3
"1804 Feb 01",48.3
"1804 Mar 01",48
"1804 Apr 01",50.6
"1804 May 01",33.4
"1804 Jun 01",34.8
"1804 Jul 01",29.8
"1804 Aug 01",43.1
"1804 Sep 01",53
"1804 Oct 01",62.3
"1804 Nov 01",61
"1804 Dec 01",60
"1805 Jan 01",61
"1805 Feb 01",44.1
"1805 Mar 01",51.4
"1805 Apr 01",37.5
"1805 May 01",39
"1805 Jun 01",40.5
"1805 Jul 01",37.6
"1805 Aug 01",42.7
"1805 Sep 01",44.4
"1805 Oct 01",29.4
"1805 Nov 01",41
"1805 Dec 01",38.3
"1806 Jan 01",39
"1806 Feb 01",29.6
"1806 Mar 01",32.7
"1806 Apr 01",27.7
"1806 May 01",26.4
"1806 Jun 01",25.6
"1806 Jul 01",30
"1806 Aug 01",26.3
"1806 Sep 01",24
"1806 Oct 01",27
"1806 Nov 01",25
"1806 Dec 01",24
"1807 Jan 01",12
"1807 Feb 01",12.2
"1807 Mar 01",9.6
"1807 Apr 01",23.8
"1807 May 01",10
"1807 Jun 01",12
"1807 Jul 01",12.7
"1807 Aug 01",12
"1807 Sep 01",5.7
"1807 Oct 01",8
"1807 Nov 01",2.6
"1807 Dec 01",0
"1808 Jan 01",0
"1808 Feb 01",4.5
"1808 Mar 01",0
"1808 Apr 01",12.3
"1808 May 01",13.5
"1808 Jun 01",13.5
"1808 Jul 01",6.7
"1808 Aug 01",8
"1808 Sep 01",11.7
"1808 Oct 01",4.7
"1808 Nov 01",10.5
"1808 Dec 01",12.3
"1809 Jan 01",7.2
"1809 Feb 01",9.2
"1809 Mar 01",0.9
"1809 Apr 01",2.5
"1809 May 01",2
"1809 Jun 01",7.7
"1809 Jul 01",0.3
"1809 Aug 01",0.2
"1809 Sep 01",0.4
"1809 Oct 01",0
"1809 Nov 01",0
"1809 Dec 01",0
"1810 Jan 01",0
"1810 Feb 01",0
"1810 Mar 01",0
"1810 Apr 01",0
"1810 May 01",0
"1810 Jun 01",0
"1810 Jul 01",0
"1810 Aug 01",0
"1810 Sep 01",0
"1810 Oct 01",0
"1810 Nov 01",0
"1810 Dec 01",0
"1811 Jan 01",0
"1811 Feb 01",0
"1811 Mar 01",0
"1811 Apr 01",0
"1811 May 01",0
"1811 Jun 01",0
"1811 Jul 01",6.6
"1811 Aug 01",0
"1811 Sep 01",2.4
"1811 Oct 01",6.1
"1811 Nov 01",0.8
"1811 Dec 01",1.1
"1812 Jan 01",11.3
"1812 Feb 01",1.9
"1812 Mar 01",0.7
"1812 Apr 01",0
"1812 May 01",1
"1812 Jun 01",1.3
"1812 Jul 01",0.5
"1812 Aug 01",15.6
"1812 Sep 01",5.2
"1812 Oct 01",3.9
"1812 Nov 01",7.9
"1812 Dec 01",10.1
"1813 Jan 01",0
"1813 Feb 01",10.3
"1813 Mar 01",1.9
"1813 Apr 01",16.6
"1813 May 01",5.5
"1813 Jun 01",11.2
"1813 Jul 01",18.3
"1813 Aug 01",8.4
"1813 Sep 01",15.3
"1813 Oct 01",27.8
"1813 Nov 01",16.7
"1813 Dec 01",14.3
"1814 Jan 01",22.2
"1814 Feb 01",12
"1814 Mar 01",5.7
"1814 Apr 01",23.8
"1814 May 01",5.8
"1814 Jun 01",14.9
"1814 Jul 01",18.5
"1814 Aug 01",2.3
"1814 Sep 01",8.1
"1814 Oct 01",19.3
"1814 Nov 01",14.5
"1814 Dec 01",20.1
"1815 Jan 01",19.2
"1815 Feb 01",32.2
"1815 Mar 01",26.2
"1815 Apr 01",31.6
"1815 May 01",9.8
"1815 Jun 01",55.9
"1815 Jul 01",35.5
"1815 Aug 01",47.2
"1815 Sep 01",31.5
"1815 Oct 01",33.5
"1815 Nov 01",37.2
"1815 Dec 01",65
"1816 Jan 01",26.3
"1816 Feb 01",68.8
"1816 Mar 01",73.7
"1816 Apr 01",58.8
"1816 May 01",44.3
"1816 Jun 01",43.6
"1816 Jul 01",38.8
"1816 Aug 01",23.2
"1816 Sep 01",47.8
"1816 Oct 01",56.4
"1816 Nov 01",38.1
"1816 Dec 01",29.9
"1817 Jan 01",36.4
"1817 Feb 01",57.9
"1817 Mar 01",96.2
"1817 Apr 01",26.4
"1817 May 01",21.2
"1817 Jun 01",40
"1817 Jul 01",50
"1817 Aug 01",45
"1817 Sep 01",36.7
"1817 Oct 01",25.6
"1817 Nov 01",28.9
"1817 Dec 01",28.4
"1818 Jan 01",34.9
"1818 Feb 01",22.4
"1818 Mar 01",25.4
"1818 Apr 01",34.5
"1818 May 01",53.1
"1818 Jun 01",36.4
"1818 Jul 01",28
"1818 Aug 01",31.5
"1818 Sep 01",26.1
"1818 Oct 01",31.6
"1818 Nov 01",10.9
"1818 Dec 01",25.8
"1819 Jan 01",32.8
"1819 Feb 01",20.7
"1819 Mar 01",3.7
"1819 Apr 01",20.2
"1819 May 01",19.6
"1819 Jun 01",35
"1819 Jul 01",31.4
"1819 Aug 01",26.1
"1819 Sep 01",14.9
"1819 Oct 01",27.5
"1819 Nov 01",25.1
"1819 Dec 01",30.6
"1820 Jan 01",19.2
"1820 Feb 01",26.6
"1820 Mar 01",4.5
"1820 Apr 01",19.4
"1820 May 01",29.3
"1820 Jun 01",10.8
"1820 Jul 01",20.6
"1820 Aug 01",25.9
"1820 Sep 01",5.2
"1820 Oct 01",8.9
"1820 Nov 01",7.9
"1820 Dec 01",9.1
"1821 Jan 01",21.5
"1821 Feb 01",4.2
"1821 Mar 01",5.7
"1821 Apr 01",9.2
"1821 May 01",1.7
"1821 Jun 01",1.8
"1821 Jul 01",2.5
"1821 Aug 01",4.8
"1821 Sep 01",4.4
"1821 Oct 01",18.8
"1821 Nov 01",4.4
"1821 Dec 01",0.2
"1822 Jan 01",0
"1822 Feb 01",0.9
"1822 Mar 01",16.1
"1822 Apr 01",13.5
"1822 May 01",1.5
"1822 Jun 01",5.6
"1822 Jul 01",7.9
"1822 Aug 01",2.1
"1822 Sep 01",0
"1822 Oct 01",0.4
"1822 Nov 01",0
"1822 Dec 01",0
"1823 Jan 01",0
"1823 Feb 01",0
"1823 Mar 01",0.6
"1823 Apr 01",0
"1823 May 01",0
"1823 Jun 01",0
"1823 Jul 01",0.5
"1823 Aug 01",0
"1823 Sep 01",0
"1823 Oct 01",0
"1823 Nov 01",0
"1823 Dec 01",20.4
"1824 Jan 01",21.7
"1824 Feb 01",10.8
"1824 Mar 01",0
"1824 Apr 01",19.4
"1824 May 01",2.8
"1824 Jun 01",0
"1824 Jul 01",0
"1824 Aug 01",1.4
"1824 Sep 01",20.5
"1824 Oct 01",25.2
"1824 Nov 01",0
"1824 Dec 01",0.8
"1825 Jan 01",5
"1825 Feb 01",15.5
"1825 Mar 01",22.4
"1825 Apr 01",3.8
"1825 May 01",15.5
"1825 Jun 01",15.4
"1825 Jul 01",30.9
"1825 Aug 01",25.7
"1825 Sep 01",15.7
"1825 Oct 01",15.6
"1825 Nov 01",11.7
"1825 Dec 01",22
"1826 Jan 01",17.7
"1826 Feb 01",18.2
"1826 Mar 01",36.7
"1826 Apr 01",24
"1826 May 01",32.4
"1826 Jun 01",37.1
"1826 Jul 01",52.5
"1826 Aug 01",39.6
"1826 Sep 01",18.9
"1826 Oct 01",50.6
"1826 Nov 01",39.5
"1826 Dec 01",68.1
"1827 Jan 01",34.6
"1827 Feb 01",47.4
"1827 Mar 01",57.8
"1827 Apr 01",46
"1827 May 01",56.3
"1827 Jun 01",56.7
"1827 Jul 01",42.3
"1827 Aug 01",53.7
"1827 Sep 01",49.6
"1827 Oct 01",56.1
"1827 Nov 01",48.2
"1827 Dec 01",46.1
"1828 Jan 01",52.8
"1828 Feb 01",64.4
"1828 Mar 01",65
"1828 Apr 01",61.1
"1828 May 01",89.1
"1828 Jun 01",98
"1828 Jul 01",54.2
"1828 Aug 01",76.4
"1828 Sep 01",50.4
"1828 Oct 01",54.7
"1828 Nov 01",57
"1828 Dec 01",46.9
"1829 Jan 01",43
"1829 Feb 01",49.4
"1829 Mar 01",72.3
"1829 Apr 01",95
"1829 May 01",67.4
"1829 Jun 01",73.9
"1829 Jul 01",90.8
"1829 Aug 01",77.6
"1829 Sep 01",52.8
"1829 Oct 01",57.2
"1829 Nov 01",67.6
"1829 Dec 01",56.5
"1830 Jan 01",52.2
"1830 Feb 01",72.1
"1830 Mar 01",84.6
"1830 Apr 01",106.3
"1830 May 01",66.3
"1830 Jun 01",65.1
"1830 Jul 01",43.9
"1830 Aug 01",50.7
"1830 Sep 01",62.1
"1830 Oct 01",84.4
"1830 Nov 01",81.2
"1830 Dec 01",82.1
"1831 Jan 01",47.5
"1831 Feb 01",50.1
"1831 Mar 01",93.4
"1831 Apr 01",54.5
"1831 May 01",38.1
"1831 Jun 01",33.4
"1831 Jul 01",45.2
"1831 Aug 01",55
"1831 Sep 01",37.9
"1831 Oct 01",46.3
"1831 Nov 01",43.5
"1831 Dec 01",28.9
"1832 Jan 01",30.9
"1832 Feb 01",55.6
"1832 Mar 01",55.1
"1832 Apr 01",26.9
"1832 May 01",41.3
"1832 Jun 01",26.7
"1832 Jul 01",14
"1832 Aug 01",8.9
"1832 Sep 01",8.2
"1832 Oct 01",21.1
"1832 Nov 01",14.3
"1832 Dec 01",27.5
"1833 Jan 01",11.3
"1833 Feb 01",14.9
"1833 Mar 01",11.8
"1833 Apr 01",2.8
"1833 May 01",12.9
"1833 Jun 01",1
"1833 Jul 01",7
"1833 Aug 01",5.7
"1833 Sep 01",11.6
"1833 Oct 01",7.5
"1833 Nov 01",5.9
"1833 Dec 01",9.9
"1834 Jan 01",4.9
"1834 Feb 01",18.1
"1834 Mar 01",3.9
"1834 Apr 01",1.4
"1834 May 01",8.8
"1834 Jun 01",7.8
"1834 Jul 01",8.7
"1834 Aug 01",4
"1834 Sep 01",11.5
"1834 Oct 01",24.8
"1834 Nov 01",30.5
"1834 Dec 01",34.5
"1835 Jan 01",7.5
"1835 Feb 01",24.5
"1835 Mar 01",19.7
"1835 Apr 01",61.5
"1835 May 01",43.6
"1835 Jun 01",33.2
"1835 Jul 01",59.8
"1835 Aug 01",59
"1835 Sep 01",100.8
"1835 Oct 01",95.2
"1835 Nov 01",100
"1835 Dec 01",77.5
"1836 Jan 01",88.6
"1836 Feb 01",107.6
"1836 Mar 01",98.2
"1836 Apr 01",142.9
"1836 May 01",111.4
"1836 Jun 01",124.7
"1836 Jul 01",116.7
"1836 Aug 01",107.8
"1836 Sep 01",95.1
"1836 Oct 01",137.4
"1836 Nov 01",120.9
"1836 Dec 01",206.2
"1837 Jan 01",188
"1837 Feb 01",175.6
"1837 Mar 01",134.6
"1837 Apr 01",138.2
"1837 May 01",111.7
"1837 Jun 01",158
"1837 Jul 01",162.8
"1837 Aug 01",134
"1837 Sep 01",96.3
"1837 Oct 01",123.7
"1837 Nov 01",107
"1837 Dec 01",129.8
"1838 Jan 01",144.9
"1838 Feb 01",84.8
"1838 Mar 01",140.8
"1838 Apr 01",126.6
"1838 May 01",137.6
"1838 Jun 01",94.5
"1838 Jul 01",108.2
"1838 Aug 01",78.8
"1838 Sep 01",73.6
"1838 Oct 01",90.8
"1838 Nov 01",77.4
"1838 Dec 01",79.8
"1839 Jan 01",105.6
"1839 Feb 01",102.5
"1839 Mar 01",77.7
"1839 Apr 01",61.8
"1839 May 01",53.8
"1839 Jun 01",54.6
"1839 Jul 01",84.8
"1839 Aug 01",131.2
"1839 Sep 01",132.7
"1839 Oct 01",90.9
"1839 Nov 01",68.8
"1839 Dec 01",63.7
"1840 Jan 01",81.2
"1840 Feb 01",87.7
"1840 Mar 01",67.8
"1840 Apr 01",65.9
"1840 May 01",69.2
"1840 Jun 01",48.5
"1840 Jul 01",60.7
"1840 Aug 01",57.8
"1840 Sep 01",74
"1840 Oct 01",55
"1840 Nov 01",54.3
"1840 Dec 01",53.7
"1841 Jan 01",24.1
"1841 Feb 01",29.9
"1841 Mar 01",29.7
"1841 Apr 01",40.2
"1841 May 01",67.5
"1841 Jun 01",55.7
"1841 Jul 01",30.8
"1841 Aug 01",39.3
"1841 Sep 01",36.5
"1841 Oct 01",28.5
"1841 Nov 01",19.8
"1841 Dec 01",38.8
"1842 Jan 01",20.4
"1842 Feb 01",22.1
"1842 Mar 01",21.7
"1842 Apr 01",26.9
"1842 May 01",24.9
"1842 Jun 01",20.5
"1842 Jul 01",12.6
"1842 Aug 01",26.6
"1842 Sep 01",18.4
"1842 Oct 01",38.1
"1842 Nov 01",40.5
"1842 Dec 01",17.6
"1843 Jan 01",13.3
"1843 Feb 01",3.5
"1843 Mar 01",8.3
"1843 Apr 01",9.5
"1843 May 01",21.1
"1843 Jun 01",10.5
"1843 Jul 01",9.5
"1843 Aug 01",11.8
"1843 Sep 01",4.2
"1843 Oct 01",5.3
"1843 Nov 01",19.1
"1843 Dec 01",12.7
"1844 Jan 01",9.4
"1844 Feb 01",14.7
"1844 Mar 01",13.6
"1844 Apr 01",20.8
"1844 May 01",11.6
"1844 Jun 01",3.7
"1844 Jul 01",21.2
"1844 Aug 01",23.9
"1844 Sep 01",7
"1844 Oct 01",21.5
"1844 Nov 01",10.7
"1844 Dec 01",21.6
"1845 Jan 01",25.7
"1845 Feb 01",43.6
"1845 Mar 01",43.3
"1845 Apr 01",57
"1845 May 01",47.8
"1845 Jun 01",31.1
"1845 Jul 01",30.6
"1845 Aug 01",32.3
"1845 Sep 01",29.6
"1845 Oct 01",40.7
"1845 Nov 01",39.4
"1845 Dec 01",59.7
"1846 Jan 01",38.7
"1846 Feb 01",51
"1846 Mar 01",63.9
"1846 Apr 01",69.3
"1846 May 01",59.9
"1846 Jun 01",65.1
"1846 Jul 01",46.5
"1846 Aug 01",54.8
"1846 Sep 01",107.1
"1846 Oct 01",55.9
"1846 Nov 01",60.4
"1846 Dec 01",65.5
"1847 Jan 01",62.6
"1847 Feb 01",44.9
"1847 Mar 01",85.7
"1847 Apr 01",44.7
"1847 May 01",75.4
"1847 Jun 01",85.3
"1847 Jul 01",52.2
"1847 Aug 01",140.6
"1847 Sep 01",160.9
"1847 Oct 01",180.4
"1847 Nov 01",138.9
"1847 Dec 01",109.6
"1848 Jan 01",159.1
"1848 Feb 01",111.8
"1848 Mar 01",108.6
"1848 Apr 01",107.1
"1848 May 01",102.2
"1848 Jun 01",129
"1848 Jul 01",139.2
"1848 Aug 01",132.6
"1848 Sep 01",100.3
"1848 Oct 01",132.4
"1848 Nov 01",114.6
"1848 Dec 01",159.5
"1849 Jan 01",157
"1849 Feb 01",131.8
"1849 Mar 01",96.2
"1849 Apr 01",102.5
"1849 May 01",80.6
"1849 Jun 01",81.1
"1849 Jul 01",78
"1849 Aug 01",67.7
"1849 Sep 01",93.7
"1849 Oct 01",71.5
"1849 Nov 01",99
"1849 Dec 01",97
"1850 Jan 01",78
"1850 Feb 01",89.4
"1850 Mar 01",82.6
"1850 Apr 01",44.1
"1850 May 01",61.6
"1850 Jun 01",70
"1850 Jul 01",39.1
"1850 Aug 01",61.6
"1850 Sep 01",86.2
"1850 Oct 01",71
"1850 Nov 01",54.8
"1850 Dec 01",61
"1851 Jan 01",75.5
"1851 Feb 01",105.4
"1851 Mar 01",64.6
"1851 Apr 01",56.5
"1851 May 01",62.6
"1851 Jun 01",63.2
"1851 Jul 01",36.1
"1851 Aug 01",57.4
"1851 Sep 01",67.9
"1851 Oct 01",62.5
"1851 Nov 01",51
"1851 Dec 01",71.4
"1852 Jan 01",68.4
"1852 Feb 01",66.4
"1852 Mar 01",61.2
"1852 Apr 01",65.4
"1852 May 01",54.9
"1852 Jun 01",46.9
"1852 Jul 01",42.1
"1852 Aug 01",39.7
"1852 Sep 01",37.5
"1852 Oct 01",67.3
"1852 Nov 01",54.3
"1852 Dec 01",45.4
"1853 Jan 01",41.1
"1853 Feb 01",42.9
"1853 Mar 01",37.7
"1853 Apr 01",47.6
"1853 May 01",34.7
"1853 Jun 01",40
"1853 Jul 01",45.9
"1853 Aug 01",50.5
"1853 Sep 01",33.5
"1853 Oct 01",42.4
"1853 Nov 01",28.8
"1853 Dec 01",23.4
"1854 Jan 01",15.4
"1854 Feb 01",20
"1854 Mar 01",20.7
"1854 Apr 01",26.5
"1854 May 01",24
"1854 Jun 01",21.1
"1854 Jul 01",18.7
"1854 Aug 01",15.8
"1854 Sep 01",22.4
"1854 Oct 01",12.6
"1854 Nov 01",28.2
"1854 Dec 01",21.6
"1855 Jan 01",12.3
"1855 Feb 01",11.4
"1855 Mar 01",17.4
"1855 Apr 01",4.4
"1855 May 01",9.1
"1855 Jun 01",5.3
"1855 Jul 01",0.4
"1855 Aug 01",3.1
"1855 Sep 01",0
"1855 Oct 01",9.6
"1855 Nov 01",4.2
"1855 Dec 01",3.1
"1856 Jan 01",0.5
"1856 Feb 01",4.9
"1856 Mar 01",0.4
"1856 Apr 01",6.5
"1856 May 01",0
"1856 Jun 01",5.2
"1856 Jul 01",4.6
"1856 Aug 01",5.9
"1856 Sep 01",4.4
"1856 Oct 01",4.5
"1856 Nov 01",7.7
"1856 Dec 01",7.2
"1857 Jan 01",13.7
"1857 Feb 01",7.4
"1857 Mar 01",5.2
"1857 Apr 01",11.1
"1857 May 01",28.5
"1857 Jun 01",16
"1857 Jul 01",22.2
"1857 Aug 01",16.9
"1857 Sep 01",42.4
"1857 Oct 01",40.6
"1857 Nov 01",31.4
"1857 Dec 01",37.2
"1858 Jan 01",39
"1858 Feb 01",34.9
"1858 Mar 01",57.5
"1858 Apr 01",38.3
"1858 May 01",41.4
"1858 Jun 01",44.5
"1858 Jul 01",56.7
"1858 Aug 01",55.3
"1858 Sep 01",80.1
"1858 Oct 01",91.2
"1858 Nov 01",51.9
"1858 Dec 01",66.9
"1859 Jan 01",83.7
"1859 Feb 01",87.6
"1859 Mar 01",90.3
"1859 Apr 01",85.7
"1859 May 01",91
"1859 Jun 01",87.1
"1859 Jul 01",95.2
"1859 Aug 01",106.8
"1859 Sep 01",105.8
"1859 Oct 01",114.6
"1859 Nov 01",97.2
"1859 Dec 01",81
"1860 Jan 01",82.4
"1860 Feb 01",88.3
"1860 Mar 01",98.9
"1860 Apr 01",71.4
"1860 May 01",107.1
"1860 Jun 01",108.6
"1860 Jul 01",116.7
"1860 Aug 01",100.3
"1860 Sep 01",92.2
"1860 Oct 01",90.1
"1860 Nov 01",97.9
"1860 Dec 01",95.6
"1861 Jan 01",62.3
"1861 Feb 01",77.7
"1861 Mar 01",101
"1861 Apr 01",98.5
"1861 May 01",56.8
"1861 Jun 01",88.1
"1861 Jul 01",78
"1861 Aug 01",82.5
"1861 Sep 01",79.9
"1861 Oct 01",67.2
"1861 Nov 01",53.7
"1861 Dec 01",80.5
"1862 Jan 01",63.1
"1862 Feb 01",64.5
"1862 Mar 01",43.6
"1862 Apr 01",53.7
"1862 May 01",64.4
"1862 Jun 01",84
"1862 Jul 01",73.4
"1862 Aug 01",62.5
"1862 Sep 01",66.6
"1862 Oct 01",41.9
"1862 Nov 01",50.6
"1862 Dec 01",40.9
"1863 Jan 01",48.3
"1863 Feb 01",56.7
"1863 Mar 01",66.4
"1863 Apr 01",40.6
"1863 May 01",53.8
"1863 Jun 01",40.8
"1863 Jul 01",32.7
"1863 Aug 01",48.1
"1863 Sep 01",22
"1863 Oct 01",39.9
"1863 Nov 01",37.7
"1863 Dec 01",41.2
"1864 Jan 01",57.7
"1864 Feb 01",47.1
"1864 Mar 01",66.3
"1864 Apr 01",35.8
"1864 May 01",40.6
"1864 Jun 01",57.8
"1864 Jul 01",54.7
"1864 Aug 01",54.8
"1864 Sep 01",28.5
"1864 Oct 01",33.9
"1864 Nov 01",57.6
"1864 Dec 01",28.6
"1865 Jan 01",48.7
"1865 Feb 01",39.3
"1865 Mar 01",39.5
"1865 Apr 01",29.4
"1865 May 01",34.5
"1865 Jun 01",33.6
"1865 Jul 01",26.8
"1865 Aug 01",37.8
"1865 Sep 01",21.6
"1865 Oct 01",17.1
"1865 Nov 01",24.6
"1865 Dec 01",12.8
"1866 Jan 01",31.6
"1866 Feb 01",38.4
"1866 Mar 01",24.5
"1866 Apr 01",17.6
"1866 May 01",12.9
"1866 Jun 01",16.5
"1866 Jul 01",9.3
"1866 Aug 01",12.7
"1866 Sep 01",7.3
"1866 Oct 01",14.1
"1866 Nov 01",9
"1866 Dec 01",1.5
"1867 Jan 01",0
"1867 Feb 01",0.7
"1867 Mar 01",9.2
"1867 Apr 01",5.1
"1867 May 01",2.9
"1867 Jun 01",1.5
"1867 Jul 01",5
"1867 Aug 01",4.8
"1867 Sep 01",9.8
"1867 Oct 01",13.5
"1867 Nov 01",9.6
"1867 Dec 01",25.2
"1868 Jan 01",15.5
"1868 Feb 01",15.7
"1868 Mar 01",26.5
"1868 Apr 01",36.6
"1868 May 01",26.7
"1868 Jun 01",31.1
"1868 Jul 01",29
"1868 Aug 01",34.4
"1868 Sep 01",47.2
"1868 Oct 01",61.6
"1868 Nov 01",59.1
"1868 Dec 01",67.6
"1869 Jan 01",60.9
"1869 Feb 01",59.9
"1869 Mar 01",52.7
"1869 Apr 01",41
"1869 May 01",103.9
"1869 Jun 01",108.4
"1869 Jul 01",59.2
"1869 Aug 01",79.6
"1869 Sep 01",80.6
"1869 Oct 01",59.3
"1869 Nov 01",78.1
"1869 Dec 01",104.4
"1870 Jan 01",77.3
"1870 Feb 01",114.9
"1870 Mar 01",157.5
"1870 Apr 01",160
"1870 May 01",176
"1870 Jun 01",135.6
"1870 Jul 01",132.4
"1870 Aug 01",153.8
"1870 Sep 01",136
"1870 Oct 01",146.4
"1870 Nov 01",147.5
"1870 Dec 01",130
"1871 Jan 01",88.3
"1871 Feb 01",125.3
"1871 Mar 01",143.2
"1871 Apr 01",162.4
"1871 May 01",145.5
"1871 Jun 01",91.7
"1871 Jul 01",103
"1871 Aug 01",110.1
"1871 Sep 01",80.3
"1871 Oct 01",89
"1871 Nov 01",105.4
"1871 Dec 01",90.4
"1872 Jan 01",79.5
"1872 Feb 01",120.1
"1872 Mar 01",88.4
"1872 Apr 01",102.1
"1872 May 01",107.6
"1872 Jun 01",109.9
"1872 Jul 01",105.5
"1872 Aug 01",92.9
"1872 Sep 01",114.6
"1872 Oct 01",102.6
"1872 Nov 01",112
"1872 Dec 01",83.9
"1873 Jan 01",86.7
"1873 Feb 01",107
"1873 Mar 01",98.3
"1873 Apr 01",76.2
"1873 May 01",47.9
"1873 Jun 01",44.8
"1873 Jul 01",66.9
"1873 Aug 01",68.2
"1873 Sep 01",47.1
"1873 Oct 01",47.1
"1873 Nov 01",55.4
"1873 Dec 01",49.2
"1874 Jan 01",60.8
"1874 Feb 01",64.2
"1874 Mar 01",46.4
"1874 Apr 01",32
"1874 May 01",44.6
"1874 Jun 01",38.2
"1874 Jul 01",67.8
"1874 Aug 01",61.3
"1874 Sep 01",28
"1874 Oct 01",34.3
"1874 Nov 01",28.9
"1874 Dec 01",29.3
"1875 Jan 01",14.6
"1875 Feb 01",21.5
"1875 Mar 01",33.8
"1875 Apr 01",29.1
"1875 May 01",11.5
"1875 Jun 01",23.9
"1875 Jul 01",12.5
"1875 Aug 01",14.6
"1875 Sep 01",2.4
"1875 Oct 01",12.7
"1875 Nov 01",17.7
"1875 Dec 01",9.9
"1876 Jan 01",14.3
"1876 Feb 01",15
"1876 Mar 01",30.6
"1876 Apr 01",2.3
"1876 May 01",5.1
"1876 Jun 01",1.6
"1876 Jul 01",15.2
"1876 Aug 01",8.8
"1876 Sep 01",9.9
"1876 Oct 01",14.3
"1876 Nov 01",9.9
"1876 Dec 01",8.2
"1877 Jan 01",24.4
"1877 Feb 01",8.7
"1877 Mar 01",11.9
"1877 Apr 01",15.8
"1877 May 01",21.6
"1877 Jun 01",14.2
"1877 Jul 01",6
"1877 Aug 01",6.3
"1877 Sep 01",16.9
"1877 Oct 01",6.7
"1877 Nov 01",14.2
"1877 Dec 01",2.2
"1878 Jan 01",3.3
"1878 Feb 01",6.6
"1878 Mar 01",7.8
"1878 Apr 01",0.1
"1878 May 01",5.9
"1878 Jun 01",6.4
"1878 Jul 01",0.1
"1878 Aug 01",0
"1878 Sep 01",5.3
"1878 Oct 01",1.1
"1878 Nov 01",4.1
"1878 Dec 01",0.5
"1879 Jan 01",1
"1879 Feb 01",0.6
"1879 Mar 01",0
"1879 Apr 01",6.2
"1879 May 01",2.4
"1879 Jun 01",4.8
"1879 Jul 01",7.5
"1879 Aug 01",10.7
"1879 Sep 01",6.1
"1879 Oct 01",12.3
"1879 Nov 01",13.1
"1879 Dec 01",7.3
"1880 Jan 01",24
"1880 Feb 01",27.2
"1880 Mar 01",19.3
"1880 Apr 01",19.5
"1880 May 01",23.5
"1880 Jun 01",34.1
"1880 Jul 01",21.9
"1880 Aug 01",48.1
"1880 Sep 01",66
"1880 Oct 01",43
"1880 Nov 01",30.7
"1880 Dec 01",29.6
"1881 Jan 01",36.4
"1881 Feb 01",53.2
"1881 Mar 01",51.5
"1881 Apr 01",51.6
"1881 May 01",43.5
"1881 Jun 01",60.5
"1881 Jul 01",76.9
"1881 Aug 01",58.4
"1881 Sep 01",53.2
"1881 Oct 01",64.4
"1881 Nov 01",54.8
"1881 Dec 01",47.3
"1882 Jan 01",45
"1882 Feb 01",69.5
"1882 Mar 01",66.8
"1882 Apr 01",95.8
"1882 May 01",64.1
"1882 Jun 01",45.2
"1882 Jul 01",45.4
"1882 Aug 01",40.4
"1882 Sep 01",57.7
"1882 Oct 01",59.2
"1882 Nov 01",84.4
"1882 Dec 01",41.8
"1883 Jan 01",60.6
"1883 Feb 01",46.9
"1883 Mar 01",42.8
"1883 Apr 01",82.1
"1883 May 01",31.5
"1883 Jun 01",76.3
"1883 Jul 01",80.6
"1883 Aug 01",46
"1883 Sep 01",52.6
"1883 Oct 01",83.8
"1883 Nov 01",84.5
"1883 Dec 01",75.9
"1884 Jan 01",91.5
"1884 Feb 01",86.9
"1884 Mar 01",87.5
"1884 Apr 01",76.1
"1884 May 01",66.5
"1884 Jun 01",51.2
"1884 Jul 01",53.1
"1884 Aug 01",55.8
"1884 Sep 01",61.9
"1884 Oct 01",47.8
"1884 Nov 01",36.6
"1884 Dec 01",47.2
"1885 Jan 01",42.8
"1885 Feb 01",71.8
"1885 Mar 01",49.8
"1885 Apr 01",55
"1885 May 01",73
"1885 Jun 01",83.7
"1885 Jul 01",66.5
"1885 Aug 01",50
"1885 Sep 01",39.6
"1885 Oct 01",38.7
"1885 Nov 01",30.9
"1885 Dec 01",21.7
"1886 Jan 01",29.9
"1886 Feb 01",25.9
"1886 Mar 01",57.3
"1886 Apr 01",43.7
"1886 May 01",30.7
"1886 Jun 01",27.1
"1886 Jul 01",30.3
"1886 Aug 01",16.9
"1886 Sep 01",21.4
"1886 Oct 01",8.6
"1886 Nov 01",0.3
"1886 Dec 01",13
"1887 Jan 01",10.3
"1887 Feb 01",13.2
"1887 Mar 01",4.2
"1887 Apr 01",6.9
"1887 May 01",20
"1887 Jun 01",15.7
"1887 Jul 01",23.4
"1887 Aug 01",21.4
"1887 Sep 01",7.4
"1887 Oct 01",6.6
"1887 Nov 01",6.9
"1887 Dec 01",20.7
"1888 Jan 01",12.7
"1888 Feb 01",7.1
"1888 Mar 01",7.8
"1888 Apr 01",5.1
"1888 May 01",7
"1888 Jun 01",7.1
"1888 Jul 01",3.1
"1888 Aug 01",2.8
"1888 Sep 01",8.8
"1888 Oct 01",2.1
"1888 Nov 01",10.7
"1888 Dec 01",6.7
"1889 Jan 01",0.8
"1889 Feb 01",8.5
"1889 Mar 01",6.7
"1889 Apr 01",4.3
"1889 May 01",2.4
"1889 Jun 01",6.4
"1889 Jul 01",9.4
"1889 Aug 01",20.6
"1889 Sep 01",6.5
"1889 Oct 01",2.1
"1889 Nov 01",0.2
"1889 Dec 01",6.7
"1890 Jan 01",5.3
"1890 Feb 01",0.6
"1890 Mar 01",5.1
"1890 Apr 01",1.6
"1890 May 01",4.8
"1890 Jun 01",1.3
"1890 Jul 01",11.6
"1890 Aug 01",8.5
"1890 Sep 01",17.2
"1890 Oct 01",11.2
"1890 Nov 01",9.6
"1890 Dec 01",7.8
"1891 Jan 01",13.5
"1891 Feb 01",22.2
"1891 Mar 01",10.4
"1891 Apr 01",20.5
"1891 May 01",41.1
"1891 Jun 01",48.3
"1891 Jul 01",58.8
"1891 Aug 01",33
"1891 Sep 01",53.8
"1891 Oct 01",51.5
"1891 Nov 01",41.9
"1891 Dec 01",32.5
"1892 Jan 01",69.1
"1892 Feb 01",75.6
"1892 Mar 01",49.9
"1892 Apr 01",69.6
"1892 May 01",79.6
"1892 Jun 01",76.3
"1892 Jul 01",76.5
"1892 Aug 01",101.4
"1892 Sep 01",62.8
"1892 Oct 01",70.5
"1892 Nov 01",65.4
"1892 Dec 01",78.6
"1893 Jan 01",75
"1893 Feb 01",73
"1893 Mar 01",65.7
"1893 Apr 01",88.1
"1893 May 01",84.7
"1893 Jun 01",89.9
"1893 Jul 01",88.6
"1893 Aug 01",129.2
"1893 Sep 01",77.9
"1893 Oct 01",80
"1893 Nov 01",75.1
"1893 Dec 01",93.8
"1894 Jan 01",83.2
"1894 Feb 01",84.6
"1894 Mar 01",52.3
"1894 Apr 01",81.6
"1894 May 01",101.2
"1894 Jun 01",98.9
"1894 Jul 01",106
"1894 Aug 01",70.3
"1894 Sep 01",65.9
"1894 Oct 01",75.5
"1894 Nov 01",56.6
"1894 Dec 01",60
"1895 Jan 01",63.3
"1895 Feb 01",67.2
"1895 Mar 01",61
"1895 Apr 01",76.9
"1895 May 01",67.5
"1895 Jun 01",71.5
"1895 Jul 01",47.8
"1895 Aug 01",68.9
"1895 Sep 01",57.7
"1895 Oct 01",67.9
"1895 Nov 01",47.2
"1895 Dec 01",70.7
"1896 Jan 01",29
"1896 Feb 01",57.4
"1896 Mar 01",52
"1896 Apr 01",43.8
"1896 May 01",27.7
"1896 Jun 01",49
"1896 Jul 01",45
"1896 Aug 01",27.2
"1896 Sep 01",61.3
"1896 Oct 01",28.7
"1896 Nov 01",38
"1896 Dec 01",42.6
"1897 Jan 01",40.6
"1897 Feb 01",29.4
"1897 Mar 01",29.1
"1897 Apr 01",31
"1897 May 01",20
"1897 Jun 01",11.3
"1897 Jul 01",27.6
"1897 Aug 01",21.8
"1897 Sep 01",48.1
"1897 Oct 01",14.3
"1897 Nov 01",8.4
"1897 Dec 01",33.3
"1898 Jan 01",30.2
"1898 Feb 01",36.4
"1898 Mar 01",38.3
"1898 Apr 01",14.5
"1898 May 01",25.8
"1898 Jun 01",22.3
"1898 Jul 01",9
"1898 Aug 01",31.4
"1898 Sep 01",34.8
"1898 Oct 01",34.4
"1898 Nov 01",30.9
"1898 Dec 01",12.6
"1899 Jan 01",19.5
"1899 Feb 01",9.2
"1899 Mar 01",18.1
"1899 Apr 01",14.2
"1899 May 01",7.7
"1899 Jun 01",20.5
"1899 Jul 01",13.5
"1899 Aug 01",2.9
"1899 Sep 01",8.4
"1899 Oct 01",13
"1899 Nov 01",7.8
"1899 Dec 01",10.5
"1900 Jan 01",9.4
"1900 Feb 01",13.6
"1900 Mar 01",8.6
"1900 Apr 01",16
"1900 May 01",15.2
"1900 Jun 01",12.1
"1900 Jul 01",8.3
"1900 Aug 01",4.3
"1900 Sep 01",8.3
"1900 Oct 01",12.9
"1900 Nov 01",4.5
"1900 Dec 01",0.3
"1901 Jan 01",0.2
"1901 Feb 01",2.4
"1901 Mar 01",4.5
"1901 Apr 01",0
"1901 May 01",10.2
"1901 Jun 01",5.8
"1901 Jul 01",0.7
"1901 Aug 01",1
"1901 Sep 01",0.6
"1901 Oct 01",3.7
"1901 Nov 01",3.8
"1901 Dec 01",0
"1902 Jan 01",5.5
"1902 Feb 01",0
"1902 Mar 01",12.4
"1902 Apr 01",0
"1902 May 01",2.8
"1902 Jun 01",1.4
"1902 Jul 01",0.9
"1902 Aug 01",2.3
"1902 Sep 01",7.6
"1902 Oct 01",16.3
"1902 Nov 01",10.3
"1902 Dec 01",1.1
"1903 Jan 01",8.3
"1903 Feb 01",17
"1903 Mar 01",13.5
"1903 Apr 01",26.1
"1903 May 01",14.6
"1903 Jun 01",16.3
"1903 Jul 01",27.9
"1903 Aug 01",28.8
"1903 Sep 01",11.1
"1903 Oct 01",38.9
"1903 Nov 01",44.5
"1903 Dec 01",45.6
"1904 Jan 01",31.6
"1904 Feb 01",24.5
"1904 Mar 01",37.2
"1904 Apr 01",43
"1904 May 01",39.5
"1904 Jun 01",41.9
"1904 Jul 01",50.6
"1904 Aug 01",58.2
"1904 Sep 01",30.1
"1904 Oct 01",54.2
"1904 Nov 01",38
"1904 Dec 01",54.6
"1905 Jan 01",54.8
"1905 Feb 01",85.8
"1905 Mar 01",56.5
"1905 Apr 01",39.3
"1905 May 01",48
"1905 Jun 01",49
"1905 Jul 01",73
"1905 Aug 01",58.8
"1905 Sep 01",55
"1905 Oct 01",78.7
"1905 Nov 01",107.2
"1905 Dec 01",55.5
"1906 Jan 01",45.5
"1906 Feb 01",31.3
"1906 Mar 01",64.5
"1906 Apr 01",55.3
"1906 May 01",57.7
"1906 Jun 01",63.2
"1906 Jul 01",103.6
"1906 Aug 01",47.7
"1906 Sep 01",56.1
"1906 Oct 01",17.8
"1906 Nov 01",38.9
"1906 Dec 01",64.7
"1907 Jan 01",76.4
"1907 Feb 01",108.2
"1907 Mar 01",60.7
"1907 Apr 01",52.6
"1907 May 01",42.9
"1907 Jun 01",40.4
"1907 Jul 01",49.7
"1907 Aug 01",54.3
"1907 Sep 01",85
"1907 Oct 01",65.4
"1907 Nov 01",61.5
"1907 Dec 01",47.3
"1908 Jan 01",39.2
"1908 Feb 01",33.9
"1908 Mar 01",28.7
"1908 Apr 01",57.6
"1908 May 01",40.8
"1908 Jun 01",48.1
"1908 Jul 01",39.5
"1908 Aug 01",90.5
"1908 Sep 01",86.9
"1908 Oct 01",32.3
"1908 Nov 01",45.5
"1908 Dec 01",39.5
"1909 Jan 01",56.7
"1909 Feb 01",46.6
"1909 Mar 01",66.3
"1909 Apr 01",32.3
"1909 May 01",36
"1909 Jun 01",22.6
"1909 Jul 01",35.8
"1909 Aug 01",23.1
"1909 Sep 01",38.8
"1909 Oct 01",58.4
"1909 Nov 01",55.8
"1909 Dec 01",54.2
"1910 Jan 01",26.4
"1910 Feb 01",31.5
"1910 Mar 01",21.4
"1910 Apr 01",8.4
"1910 May 01",22.2
"1910 Jun 01",12.3
"1910 Jul 01",14.1
"1910 Aug 01",11.5
"1910 Sep 01",26.2
"1910 Oct 01",38.3
"1910 Nov 01",4.9
"1910 Dec 01",5.8
"1911 Jan 01",3.4
"1911 Feb 01",9
"1911 Mar 01",7.8
"1911 Apr 01",16.5
"1911 May 01",9
"1911 Jun 01",2.2
"1911 Jul 01",3.5
"1911 Aug 01",4
"1911 Sep 01",4
"1911 Oct 01",2.6
"1911 Nov 01",4.2
"1911 Dec 01",2.2
"1912 Jan 01",0.3
"1912 Feb 01",0
"1912 Mar 01",4.9
"1912 Apr 01",4.5
"1912 May 01",4.4
"1912 Jun 01",4.1
"1912 Jul 01",3
"1912 Aug 01",0.3
"1912 Sep 01",9.5
"1912 Oct 01",4.6
"1912 Nov 01",1.1
"1912 Dec 01",6.4
"1913 Jan 01",2.3
"1913 Feb 01",2.9
"1913 Mar 01",0.5
"1913 Apr 01",0.9
"1913 May 01",0
"1913 Jun 01",0
"1913 Jul 01",1.7
"1913 Aug 01",0.2
"1913 Sep 01",1.2
"1913 Oct 01",3.1
"1913 Nov 01",0.7
"1913 Dec 01",3.8
"1914 Jan 01",2.8
"1914 Feb 01",2.6
"1914 Mar 01",3.1
"1914 Apr 01",17.3
"1914 May 01",5.2
"1914 Jun 01",11.4
"1914 Jul 01",5.4
"1914 Aug 01",7.7
"1914 Sep 01",12.7
"1914 Oct 01",8.2
"1914 Nov 01",16.4
"1914 Dec 01",22.3
"1915 Jan 01",23
"1915 Feb 01",42.3
"1915 Mar 01",38.8
"1915 Apr 01",41.3
"1915 May 01",33
"1915 Jun 01",68.8
"1915 Jul 01",71.6
"1915 Aug 01",69.6
"1915 Sep 01",49.5
"1915 Oct 01",53.5
"1915 Nov 01",42.5
"1915 Dec 01",34.5
"1916 Jan 01",45.3
"1916 Feb 01",55.4
"1916 Mar 01",67
"1916 Apr 01",71.8
"1916 May 01",74.5
"1916 Jun 01",67.7
"1916 Jul 01",53.5
"1916 Aug 01",35.2
"1916 Sep 01",45.1
"1916 Oct 01",50.7
"1916 Nov 01",65.6
"1916 Dec 01",53
"1917 Jan 01",74.7
"1917 Feb 01",71.9
"1917 Mar 01",94.8
"1917 Apr 01",74.7
"1917 May 01",114.1
"1917 Jun 01",114.9
"1917 Jul 01",119.8
"1917 Aug 01",154.5
"1917 Sep 01",129.4
"1917 Oct 01",72.2
"1917 Nov 01",96.4
"1917 Dec 01",129.3
"1918 Jan 01",96
"1918 Feb 01",65.3
"1918 Mar 01",72.2
"1918 Apr 01",80.5
"1918 May 01",76.7
"1918 Jun 01",59.4
"1918 Jul 01",107.6
"1918 Aug 01",101.7
"1918 Sep 01",79.9
"1918 Oct 01",85
"1918 Nov 01",83.4
"1918 Dec 01",59.2
"1919 Jan 01",48.1
"1919 Feb 01",79.5
"1919 Mar 01",66.5
"1919 Apr 01",51.8
"1919 May 01",88.1
"1919 Jun 01",111.2
"1919 Jul 01",64.7
"1919 Aug 01",69
"1919 Sep 01",54.7
"1919 Oct 01",52.8
"1919 Nov 01",42
"1919 Dec 01",34.9
"1920 Jan 01",51.1
"1920 Feb 01",53.9
"1920 Mar 01",70.2
"1920 Apr 01",14.8
"1920 May 01",33.3
"1920 Jun 01",38.7
"1920 Jul 01",27.5
"1920 Aug 01",19.2
"1920 Sep 01",36.3
"1920 Oct 01",49.6
"1920 Nov 01",27.2
"1920 Dec 01",29.9
"1921 Jan 01",31.5
"1921 Feb 01",28.3
"1921 Mar 01",26.7
"1921 Apr 01",32.4
"1921 May 01",22.2
"1921 Jun 01",33.7
"1921 Jul 01",41.9
"1921 Aug 01",22.8
"1921 Sep 01",17.8
"1921 Oct 01",18.2
"1921 Nov 01",17.8
"1921 Dec 01",20.3
"1922 Jan 01",11.8
"1922 Feb 01",26.4
"1922 Mar 01",54.7
"1922 Apr 01",11
"1922 May 01",8
"1922 Jun 01",5.8
"1922 Jul 01",10.9
"1922 Aug 01",6.5
"1922 Sep 01",4.7
"1922 Oct 01",6.2
"1922 Nov 01",7.4
"1922 Dec 01",17.5
"1923 Jan 01",4.5
"1923 Feb 01",1.5
"1923 Mar 01",3.3
"1923 Apr 01",6.1
"1923 May 01",3.2
"1923 Jun 01",9.1
"1923 Jul 01",3.5
"1923 Aug 01",0.5
"1923 Sep 01",13.2
"1923 Oct 01",11.6
"1923 Nov 01",10
"1923 Dec 01",2.8
"1924 Jan 01",0.5
"1924 Feb 01",5.1
"1924 Mar 01",1.8
"1924 Apr 01",11.3
"1924 May 01",20.8
"1924 Jun 01",24
"1924 Jul 01",28.1
"1924 Aug 01",19.3
"1924 Sep 01",25.1
"1924 Oct 01",25.6
"1924 Nov 01",22.5
"1924 Dec 01",16.5
"1925 Jan 01",5.5
"1925 Feb 01",23.2
"1925 Mar 01",18
"1925 Apr 01",31.7
"1925 May 01",42.8
"1925 Jun 01",47.5
"1925 Jul 01",38.5
"1925 Aug 01",37.9
"1925 Sep 01",60.2
"1925 Oct 01",69.2
"1925 Nov 01",58.6
"1925 Dec 01",98.6
"1926 Jan 01",71.8
"1926 Feb 01",69.9
"1926 Mar 01",62.5
"1926 Apr 01",38.5
"1926 May 01",64.3
"1926 Jun 01",73.5
"1926 Jul 01",52.3
"1926 Aug 01",61.6
"1926 Sep 01",60.8
"1926 Oct 01",71.5
"1926 Nov 01",60.5
"1926 Dec 01",79.4
"1927 Jan 01",81.6
"1927 Feb 01",93
"1927 Mar 01",69.6
"1927 Apr 01",93.5
"1927 May 01",79.1
"1927 Jun 01",59.1
"1927 Jul 01",54.9
"1927 Aug 01",53.8
"1927 Sep 01",68.4
"1927 Oct 01",63.1
"1927 Nov 01",67.2
"1927 Dec 01",45.2
"1928 Jan 01",83.5
"1928 Feb 01",73.5
"1928 Mar 01",85.5
"1928 Apr 01",80.6
"1928 May 01",77
"1928 Jun 01",91.4
"1928 Jul 01",98
"1928 Aug 01",83.8
"1928 Sep 01",89.7
"1928 Oct 01",61.4
"1928 Nov 01",50.3
"1928 Dec 01",59
"1929 Jan 01",68.9
"1929 Feb 01",62.8
"1929 Mar 01",50.2
"1929 Apr 01",52.8
"1929 May 01",58.2
"1929 Jun 01",71.9
"1929 Jul 01",70.2
"1929 Aug 01",65.8
"1929 Sep 01",34.4
"1929 Oct 01",54
"1929 Nov 01",81.1
"1929 Dec 01",108
"1930 Jan 01",65.3
"1930 Feb 01",49.9
"1930 Mar 01",35
"1930 Apr 01",38.2
"1930 May 01",36.8
"1930 Jun 01",28.8
"1930 Jul 01",21.9
"1930 Aug 01",24.9
"1930 Sep 01",32.1
"1930 Oct 01",34.4
"1930 Nov 01",35.6
"1930 Dec 01",25.8
"1931 Jan 01",14.6
"1931 Feb 01",43.1
"1931 Mar 01",30
"1931 Apr 01",31.2
"1931 May 01",24.6
"1931 Jun 01",15.3
"1931 Jul 01",17.4
"1931 Aug 01",13
"1931 Sep 01",19
"1931 Oct 01",10
"1931 Nov 01",18.7
"1931 Dec 01",17.8
"1932 Jan 01",12.1
"1932 Feb 01",10.6
"1932 Mar 01",11.2
"1932 Apr 01",11.2
"1932 May 01",17.9
"1932 Jun 01",22.2
"1932 Jul 01",9.6
"1932 Aug 01",6.8
"1932 Sep 01",4
"1932 Oct 01",8.9
"1932 Nov 01",8.2
"1932 Dec 01",11
"1933 Jan 01",12.3
"1933 Feb 01",22.2
"1933 Mar 01",10.1
"1933 Apr 01",2.9
"1933 May 01",3.2
"1933 Jun 01",5.2
"1933 Jul 01",2.8
"1933 Aug 01",0.2
"1933 Sep 01",5.1
"1933 Oct 01",3
"1933 Nov 01",0.6
"1933 Dec 01",0.3
"1934 Jan 01",3.4
"1934 Feb 01",7.8
"1934 Mar 01",4.3
"1934 Apr 01",11.3
"1934 May 01",19.7
"1934 Jun 01",6.7
"1934 Jul 01",9.3
"1934 Aug 01",8.3
"1934 Sep 01",4
"1934 Oct 01",5.7
"1934 Nov 01",8.7
"1934 Dec 01",15.4
"1935 Jan 01",18.6
"1935 Feb 01",20.5
"1935 Mar 01",23.1
"1935 Apr 01",12.2
"1935 May 01",27.3
"1935 Jun 01",45.7
"1935 Jul 01",33.9
"1935 Aug 01",30.1
"1935 Sep 01",42.1
"1935 Oct 01",53.2
"1935 Nov 01",64.2
"1935 Dec 01",61.5
"1936 Jan 01",62.8
"1936 Feb 01",74.3
"1936 Mar 01",77.1
"1936 Apr 01",74.9
"1936 May 01",54.6
"1936 Jun 01",70
"1936 Jul 01",52.3
"1936 Aug 01",87
"1936 Sep 01",76
"1936 Oct 01",89
"1936 Nov 01",115.4
"1936 Dec 01",123.4
"1937 Jan 01",132.5
"1937 Feb 01",128.5
"1937 Mar 01",83.9
"1937 Apr 01",109.3
"1937 May 01",116.7
"1937 Jun 01",130.3
"1937 Jul 01",145.1
"1937 Aug 01",137.7
"1937 Sep 01",100.7
"1937 Oct 01",124.9
"1937 Nov 01",74.4
"1937 Dec 01",88.8
"1938 Jan 01",98.4
"1938 Feb 01",119.2
"1938 Mar 01",86.5
"1938 Apr 01",101
"1938 May 01",127.4
"1938 Jun 01",97.5
"1938 Jul 01",165.3
"1938 Aug 01",115.7
"1938 Sep 01",89.6
"1938 Oct 01",99.1
"1938 Nov 01",122.2
"1938 Dec 01",92.7
"1939 Jan 01",80.3
"1939 Feb 01",77.4
"1939 Mar 01",64.6
"1939 Apr 01",109.1
"1939 May 01",118.3
"1939 Jun 01",101
"1939 Jul 01",97.6
"1939 Aug 01",105.8
"1939 Sep 01",112.6
"1939 Oct 01",88.1
"1939 Nov 01",68.1
"1939 Dec 01",42.1
"1940 Jan 01",50.5
"1940 Feb 01",59.4
"1940 Mar 01",83.3
"1940 Apr 01",60.7
"1940 May 01",54.4
"1940 Jun 01",83.9
"1940 Jul 01",67.5
"1940 Aug 01",105.5
"1940 Sep 01",66.5
"1940 Oct 01",55
"1940 Nov 01",58.4
"1940 Dec 01",68.3
"1941 Jan 01",45.6
"1941 Feb 01",44.5
"1941 Mar 01",46.4
"1941 Apr 01",32.8
"1941 May 01",29.5
"1941 Jun 01",59.8
"1941 Jul 01",66.9
"1941 Aug 01",60
"1941 Sep 01",65.9
"1941 Oct 01",46.3
"1941 Nov 01",38.4
"1941 Dec 01",33.7
"1942 Jan 01",35.6
"1942 Feb 01",52.8
"1942 Mar 01",54.2
"1942 Apr 01",60.7
"1942 May 01",25
"1942 Jun 01",11.4
"1942 Jul 01",17.7
"1942 Aug 01",20.2
"1942 Sep 01",17.2
"1942 Oct 01",19.2
"1942 Nov 01",30.7
"1942 Dec 01",22.5
"1943 Jan 01",12.5
"1943 Feb 01",28.9
"1943 Mar 01",27.4
"1943 Apr 01",26.1
"1943 May 01",14.1
"1943 Jun 01",7.6
"1943 Jul 01",13.2
"1943 Aug 01",19.4
"1943 Sep 01",10
"1943 Oct 01",7.8
"1943 Nov 01",10.2
"1943 Dec 01",18.8
"1944 Jan 01",3.7
"1944 Feb 01",0.5
"1944 Mar 01",11
"1944 Apr 01",0.3
"1944 May 01",2.5
"1944 Jun 01",5
"1944 Jul 01",5
"1944 Aug 01",16.7
"1944 Sep 01",14.3
"1944 Oct 01",16.9
"1944 Nov 01",10.8
"1944 Dec 01",28.4
"1945 Jan 01",18.5
"1945 Feb 01",12.7
"1945 Mar 01",21.5
"1945 Apr 01",32
"1945 May 01",30.6
"1945 Jun 01",36.2
"1945 Jul 01",42.6
"1945 Aug 01",25.9
"1945 Sep 01",34.9
"1945 Oct 01",68.8
"1945 Nov 01",46
"1945 Dec 01",27.4
"1946 Jan 01",47.6
"1946 Feb 01",86.2
"1946 Mar 01",76.6
"1946 Apr 01",75.7
"1946 May 01",84.9
"1946 Jun 01",73.5
"1946 Jul 01",116.2
"1946 Aug 01",107.2
"1946 Sep 01",94.4
"1946 Oct 01",102.3
"1946 Nov 01",123.8
"1946 Dec 01",121.7
"1947 Jan 01",115.7
"1947 Feb 01",133.4
"1947 Mar 01",129.8
"1947 Apr 01",149.8
"1947 May 01",201.3
"1947 Jun 01",163.9
"1947 Jul 01",157.9
"1947 Aug 01",188.8
"1947 Sep 01",169.4
"1947 Oct 01",163.6
"1947 Nov 01",128
"1947 Dec 01",116.5
"1948 Jan 01",108.5
"1948 Feb 01",86.1
"1948 Mar 01",94.8
"1948 Apr 01",189.7
"1948 May 01",174
"1948 Jun 01",167.8
"1948 Jul 01",142.2
"1948 Aug 01",157.9
"1948 Sep 01",143.3
"1948 Oct 01",136.3
"1948 Nov 01",95.8
"1948 Dec 01",138
"1949 Jan 01",119.1
"1949 Feb 01",182.3
"1949 Mar 01",157.5
"1949 Apr 01",147
"1949 May 01",106.2
"1949 Jun 01",121.7
"1949 Jul 01",125.8
"1949 Aug 01",123.8
"1949 Sep 01",145.3
"1949 Oct 01",131.6
"1949 Nov 01",143.5
"1949 Dec 01",117.6
"1950 Jan 01",101.6
"1950 Feb 01",94.8
"1950 Mar 01",109.7
"1950 Apr 01",113.4
"1950 May 01",106.2
"1950 Jun 01",83.6
"1950 Jul 01",91
"1950 Aug 01",85.2
"1950 Sep 01",51.3
"1950 Oct 01",61.4
"1950 Nov 01",54.8
"1950 Dec 01",54.1
"1951 Jan 01",59.9
"1951 Feb 01",59.9
"1951 Mar 01",55.9
"1951 Apr 01",92.9
"1951 May 01",108.5
"1951 Jun 01",100.6
"1951 Jul 01",61.5
"1951 Aug 01",61
"1951 Sep 01",83.1
"1951 Oct 01",51.6
"1951 Nov 01",52.4
"1951 Dec 01",45.8
"1952 Jan 01",40.7
"1952 Feb 01",22.7
"1952 Mar 01",22
"1952 Apr 01",29.1
"1952 May 01",23.4
"1952 Jun 01",36.4
"1952 Jul 01",39.3
"1952 Aug 01",54.9
"1952 Sep 01",28.2
"1952 Oct 01",23.8
"1952 Nov 01",22.1
"1952 Dec 01",34.3
"1953 Jan 01",26.5
"1953 Feb 01",3.9
"1953 Mar 01",10
"1953 Apr 01",27.8
"1953 May 01",12.5
"1953 Jun 01",21.8
"1953 Jul 01",8.6
"1953 Aug 01",23.5
"1953 Sep 01",19.3
"1953 Oct 01",8.2
"1953 Nov 01",1.6
"1953 Dec 01",2.5
"1954 Jan 01",0.2
"1954 Feb 01",0.5
"1954 Mar 01",10.9
"1954 Apr 01",1.8
"1954 May 01",0.8
"1954 Jun 01",0.2
"1954 Jul 01",4.8
"1954 Aug 01",8.4
"1954 Sep 01",1.5
"1954 Oct 01",7
"1954 Nov 01",9.2
"1954 Dec 01",7.6
"1955 Jan 01",23.1
"1955 Feb 01",20.8
"1955 Mar 01",4.9
"1955 Apr 01",11.3
"1955 May 01",28.9
"1955 Jun 01",31.7
"1955 Jul 01",26.7
"1955 Aug 01",40.7
"1955 Sep 01",42.7
"1955 Oct 01",58.5
"1955 Nov 01",89.2
"1955 Dec 01",76.9
"1956 Jan 01",73.6
"1956 Feb 01",124
"1956 Mar 01",118.4
"1956 Apr 01",110.7
"1956 May 01",136.6
"1956 Jun 01",116.6
"1956 Jul 01",129.1
"1956 Aug 01",169.6
"1956 Sep 01",173.2
"1956 Oct 01",155.3
"1956 Nov 01",201.3
"1956 Dec 01",192.1
"1957 Jan 01",165
"1957 Feb 01",130.3
"1957 Mar 01",157.4
"1957 Apr 01",175.2
"1957 May 01",164.6
"1957 Jun 01",200.7
"1957 Jul 01",187.2
"1957 Aug 01",158
"1957 Sep 01",235.8
"1957 Oct 01",253.8
"1957 Nov 01",210.9
"1957 Dec 01",239.4
"1958 Jan 01",202.5
"1958 Feb 01",164.9
"1958 Mar 01",190.7
"1958 Apr 01",196
"1958 May 01",175.3
"1958 Jun 01",171.5
"1958 Jul 01",191.4
"1958 Aug 01",200.2
"1958 Sep 01",201.2
"1958 Oct 01",181.5
"1958 Nov 01",152.3
"1958 Dec 01",187.6
"1959 Jan 01",217.4
"1959 Feb 01",143.1
"1959 Mar 01",185.7
"1959 Apr 01",163.3
"1959 May 01",172
"1959 Jun 01",168.7
"1959 Jul 01",149.6
"1959 Aug 01",199.6
"1959 Sep 01",145.2
"1959 Oct 01",111.4
"1959 Nov 01",124
"1959 Dec 01",125
"1960 Jan 01",146.3
"1960 Feb 01",106
"1960 Mar 01",102.2
"1960 Apr 01",122
"1960 May 01",119.6
"1960 Jun 01",110.2
"1960 Jul 01",121.7
"1960 Aug 01",134.1
"1960 Sep 01",127.2
"1960 Oct 01",82.8
"1960 Nov 01",89.6
"1960 Dec 01",85.6
"1961 Jan 01",57.9
"1961 Feb 01",46.1
"1961 Mar 01",53
"1961 Apr 01",61.4
"1961 May 01",51
"1961 Jun 01",77.4
"1961 Jul 01",70.2
"1961 Aug 01",55.8
"1961 Sep 01",63.6
"1961 Oct 01",37.7
"1961 Nov 01",32.6
"1961 Dec 01",39.9
"1962 Jan 01",38.7
"1962 Feb 01",50.3
"1962 Mar 01",45.6
"1962 Apr 01",46.4
"1962 May 01",43.7
"1962 Jun 01",42
"1962 Jul 01",21.8
"1962 Aug 01",21.8
"1962 Sep 01",51.3
"1962 Oct 01",39.5
"1962 Nov 01",26.9
"1962 Dec 01",23.2
"1963 Jan 01",19.8
"1963 Feb 01",24.4
"1963 Mar 01",17.1
"1963 Apr 01",29.3
"1963 May 01",43
"1963 Jun 01",35.9
"1963 Jul 01",19.6
"1963 Aug 01",33.2
"1963 Sep 01",38.8
"1963 Oct 01",35.3
"1963 Nov 01",23.4
"1963 Dec 01",14.9
"1964 Jan 01",15.3
"1964 Feb 01",17.7
"1964 Mar 01",16.5
"1964 Apr 01",8.6
"1964 May 01",9.5
"1964 Jun 01",9.1
"1964 Jul 01",3.1
"1964 Aug 01",9.3
"1964 Sep 01",4.7
"1964 Oct 01",6.1
"1964 Nov 01",7.4
"1964 Dec 01",15.1
"1965 Jan 01",17.5
"1965 Feb 01",14.3
"1965 Mar 01",11.7
"1965 Apr 01",6.8
"1965 May 01",24.1
"1965 Jun 01",15.9
"1965 Jul 01",11.9
"1965 Aug 01",8.9
"1965 Sep 01",16.8
"1965 Oct 01",20.1
"1965 Nov 01",15.8
"1965 Dec 01",17
"1966 Jan 01",28.2
"1966 Feb 01",24.4
"1966 Mar 01",25.3
"1966 Apr 01",48.7
"1966 May 01",45.3
"1966 Jun 01",47.7
"1966 Jul 01",56.7
"1966 Aug 01",51.2
"1966 Sep 01",50.2
"1966 Oct 01",57.2
"1966 Nov 01",57.2
"1966 Dec 01",70.4
"1967 Jan 01",110.9
"1967 Feb 01",93.6
"1967 Mar 01",111.8
"1967 Apr 01",69.5
"1967 May 01",86.5
"1967 Jun 01",67.3
"1967 Jul 01",91.5
"1967 Aug 01",107.2
"1967 Sep 01",76.8
"1967 Oct 01",88.2
"1967 Nov 01",94.3
"1967 Dec 01",126.4
"1968 Jan 01",121.8
"1968 Feb 01",111.9
"1968 Mar 01",92.2
"1968 Apr 01",81.2
"1968 May 01",127.2
"1968 Jun 01",110.3
"1968 Jul 01",96.1
"1968 Aug 01",109.3
"1968 Sep 01",117.2
"1968 Oct 01",107.7
"1968 Nov 01",86
"1968 Dec 01",109.8
"1969 Jan 01",104.4
"1969 Feb 01",120.5
"1969 Mar 01",135.8
"1969 Apr 01",106.8
"1969 May 01",120
"1969 Jun 01",106
"1969 Jul 01",96.8
"1969 Aug 01",98
"1969 Sep 01",91.3
"1969 Oct 01",95.7
"1969 Nov 01",93.5
"1969 Dec 01",97.9
"1970 Jan 01",111.5
"1970 Feb 01",127.8
"1970 Mar 01",102.9
"1970 Apr 01",109.5
"1970 May 01",127.5
"1970 Jun 01",106.8
"1970 Jul 01",112.5
"1970 Aug 01",93
"1970 Sep 01",99.5
"1970 Oct 01",86.6
"1970 Nov 01",95.2
"1970 Dec 01",83.5
"1971 Jan 01",91.3
"1971 Feb 01",79
"1971 Mar 01",60.7
"1971 Apr 01",71.8
"1971 May 01",57.5
"1971 Jun 01",49.8
"1971 Jul 01",81
"1971 Aug 01",61.4
"1971 Sep 01",50.2
"1971 Oct 01",51.7
"1971 Nov 01",63.2
"1971 Dec 01",82.2
"1972 Jan 01",61.5
"1972 Feb 01",88.4
"1972 Mar 01",80.1
"1972 Apr 01",63.2
"1972 May 01",80.5
"1972 Jun 01",88
"1972 Jul 01",76.5
"1972 Aug 01",76.8
"1972 Sep 01",64
"1972 Oct 01",61.3
"1972 Nov 01",41.6
"1972 Dec 01",45.3
"1973 Jan 01",43.4
"1973 Feb 01",42.9
"1973 Mar 01",46
"1973 Apr 01",57.7
"1973 May 01",42.4
"1973 Jun 01",39.5
"1973 Jul 01",23.1
"1973 Aug 01",25.6
"1973 Sep 01",59.3
"1973 Oct 01",30.7
"1973 Nov 01",23.9
"1973 Dec 01",23.3
"1974 Jan 01",27.6
"1974 Feb 01",26
"1974 Mar 01",21.3
"1974 Apr 01",40.3
"1974 May 01",39.5
"1974 Jun 01",36
"1974 Jul 01",55.8
"1974 Aug 01",33.6
"1974 Sep 01",40.2
"1974 Oct 01",47.1
"1974 Nov 01",25
"1974 Dec 01",20.5
"1975 Jan 01",18.9
"1975 Feb 01",11.5
"1975 Mar 01",11.5
"1975 Apr 01",5.1
"1975 May 01",9
"1975 Jun 01",11.4
"1975 Jul 01",28.2
"1975 Aug 01",39.7
"1975 Sep 01",13.9
"1975 Oct 01",9.1
"1975 Nov 01",19.4
"1975 Dec 01",7.8
"1976 Jan 01",8.1
"1976 Feb 01",4.3
"1976 Mar 01",21.9
"1976 Apr 01",18.8
"1976 May 01",12.4
"1976 Jun 01",12.2
"1976 Jul 01",1.9
"1976 Aug 01",16.4
"1976 Sep 01",13.5
"1976 Oct 01",20.6
"1976 Nov 01",5.2
"1976 Dec 01",15.3
"1977 Jan 01",16.4
"1977 Feb 01",23.1
"1977 Mar 01",8.7
"1977 Apr 01",12.9
"1977 May 01",18.6
"1977 Jun 01",38.5
"1977 Jul 01",21.4
"1977 Aug 01",30.1
"1977 Sep 01",44
"1977 Oct 01",43.8
"1977 Nov 01",29.1
"1977 Dec 01",43.2
"1978 Jan 01",51.9
"1978 Feb 01",93.6
"1978 Mar 01",76.5
"1978 Apr 01",99.7
"1978 May 01",82.7
"1978 Jun 01",95.1
"1978 Jul 01",70.4
"1978 Aug 01",58.1
"1978 Sep 01",138.2
"1978 Oct 01",125.1
"1978 Nov 01",97.9
"1978 Dec 01",122.7
"1979 Jan 01",166.6
"1979 Feb 01",137.5
"1979 Mar 01",138
"1979 Apr 01",101.5
"1979 May 01",134.4
"1979 Jun 01",149.5
"1979 Jul 01",159.4
"1979 Aug 01",142.2
"1979 Sep 01",188.4
"1979 Oct 01",186.2
"1979 Nov 01",183.3
"1979 Dec 01",176.3
"1980 Jan 01",159.6
"1980 Feb 01",155
"1980 Mar 01",126.2
"1980 Apr 01",164.1
"1980 May 01",179.9
"1980 Jun 01",157.3
"1980 Jul 01",136.3
"1980 Aug 01",135.4
"1980 Sep 01",155
"1980 Oct 01",164.7
"1980 Nov 01",147.9
"1980 Dec 01",174.4
"1981 Jan 01",114
"1981 Feb 01",141.3
"1981 Mar 01",135.5
"1981 Apr 01",156.4
"1981 May 01",127.5
"1981 Jun 01",90.9
"1981 Jul 01",143.8
"1981 Aug 01",158.7
"1981 Sep 01",167.3
"1981 Oct 01",162.4
"1981 Nov 01",137.5
"1981 Dec 01",150.1
"1982 Jan 01",111.2
"1982 Feb 01",163.6
"1982 Mar 01",153.8
"1982 Apr 01",122
"1982 May 01",82.2
"1982 Jun 01",110.4
"1982 Jul 01",106.1
"1982 Aug 01",107.6
"1982 Sep 01",118.8
"1982 Oct 01",94.7
"1982 Nov 01",98.1
"1982 Dec 01",127
"1983 Jan 01",84.3
"1983 Feb 01",51
"1983 Mar 01",66.5
"1983 Apr 01",80.7
"1983 May 01",99.2
"1983 Jun 01",91.1
"1983 Jul 01",82.2
"1983 Aug 01",71.8
"1983 Sep 01",50.3
"1983 Oct 01",55.8
"1983 Nov 01",33.4
"1983 Dec 01",33.4
"1984 Jan 01",57
"1984 Feb 01",85.4
"1984 Mar 01",83.5
"1984 Apr 01",69.7
"1984 May 01",76.4
"1984 Jun 01",46.1
"1984 Jul 01",37.4
"1984 Aug 01",25.5
"1984 Sep 01",15.7
"1984 Oct 01",12
"1984 Nov 01",22.8
"1984 Dec 01",18.7
"1985 Jan 01",16.5
"1985 Feb 01",15.9
"1985 Mar 01",17.2
"1985 Apr 01",16.2
"1985 May 01",27.5
"1985 Jun 01",24.2
"1985 Jul 01",30.7
"1985 Aug 01",11.1
"1985 Sep 01",3.9
"1985 Oct 01",18.6
"1985 Nov 01",16.2
"1985 Dec 01",17.3
"1986 Jan 01",2.5
"1986 Feb 01",23.2
"1986 Mar 01",15.1
"1986 Apr 01",18.5
"1986 May 01",13.7
"1986 Jun 01",1.1
"1986 Jul 01",18.1
"1986 Aug 01",7.4
"1986 Sep 01",3.8
"1986 Oct 01",35.4
"1986 Nov 01",15.2
"1986 Dec 01",6.8
"1987 Jan 01",10.4
"1987 Feb 01",2.4
"1987 Mar 01",14.7
"1987 Apr 01",39.6
"1987 May 01",33
"1987 Jun 01",17.4
"1987 Jul 01",33
"1987 Aug 01",38.7
"1987 Sep 01",33.9
"1987 Oct 01",60.6
"1987 Nov 01",39.9
"1987 Dec 01",27.1
"1988 Jan 01",59
"1988 Feb 01",40
"1988 Mar 01",76.2
"1988 Apr 01",88
"1988 May 01",60.1
"1988 Jun 01",101.8
"1988 Jul 01",113.8
"1988 Aug 01",111.6
"1988 Sep 01",120.1
"1988 Oct 01",125.1
"1988 Nov 01",125.1
"1988 Dec 01",179.2
"1989 Jan 01",161.3
"1989 Feb 01",165.1
"1989 Mar 01",131.4
"1989 Apr 01",130.6
"1989 May 01",138.5
"1989 Jun 01",196.2
"1989 Jul 01",126.9
"1989 Aug 01",168.9
"1989 Sep 01",176.7
"1989 Oct 01",159.4
"1989 Nov 01",173
"1989 Dec 01",165.5
"1990 Jan 01",177.3
"1990 Feb 01",130.5
"1990 Mar 01",140.3
"1990 Apr 01",140.3
"1990 May 01",132.2
"1990 Jun 01",105.4
"1990 Jul 01",149.4
"1990 Aug 01",200.3
"1990 Sep 01",125.2
"1990 Oct 01",145.5
"1990 Nov 01",131.4
"1990 Dec 01",129.7
"1991 Jan 01",136.9
"1991 Feb 01",167.5
"1991 Mar 01",141.9
"1991 Apr 01",140
"1991 May 01",121.3
"1991 Jun 01",169.7
"1991 Jul 01",173.7
"1991 Aug 01",176.3
"1991 Sep 01",125.3
"1991 Oct 01",144.1
"1991 Nov 01",108.2
"1991 Dec 01",144.4
"1992 Jan 01",150
"1992 Feb 01",161.1
"1992 Mar 01",106.7
"1992 Apr 01",99.8
"1992 May 01",73.8
"1992 Jun 01",65.2
"1992 Jul 01",85.7
"1992 Aug 01",64.5
"1992 Sep 01",63.9
"1992 Oct 01",88.7
"1992 Nov 01",91.8
"1992 Dec 01",82.6
"1993 Jan 01",59.3
"1993 Feb 01",91
"1993 Mar 01",69.8
"1993 Apr 01",62.2
"1993 May 01",61.3
"1993 Jun 01",49.8
"1993 Jul 01",57.9
"1993 Aug 01",42.2
"1993 Sep 01",22.4
"1993 Oct 01",56.4
"1993 Nov 01",35.6
"1993 Dec 01",48.9
"1994 Jan 01",57.8
"1994 Feb 01",35.5
"1994 Mar 01",31.7
"1994 Apr 01",16.1
"1994 May 01",17.8
"1994 Jun 01",28
"1994 Jul 01",35.1
"1994 Aug 01",22.5
"1994 Sep 01",25.7
"1994 Oct 01",44
"1994 Nov 01",18
"1994 Dec 01",26.2
"1995 Jan 01",24.2
"1995 Feb 01",29.9
"1995 Mar 01",31.1
"1995 Apr 01",14
"1995 May 01",14.5
"1995 Jun 01",15.6
"1995 Jul 01",14.5
"1995 Aug 01",14.3
"1995 Sep 01",11.8
"1995 Oct 01",21.1
"1995 Nov 01",9
"1995 Dec 01",10
"1996 Jan 01",11.5
"1996 Feb 01",4.4
"1996 Mar 01",9.2
"1996 Apr 01",4.8
"1996 May 01",5.5
"1996 Jun 01",11.8
"1996 Jul 01",8.2
"1996 Aug 01",14.4
"1996 Sep 01",1.6
"1996 Oct 01",0.9
"1996 Nov 01",17.9
"1996 Dec 01",13.3
"1997 Jan 01",5.7
"1997 Feb 01",7.6
"1997 Mar 01",8.7
"1997 Apr 01",15.5
"1997 May 01",18.5
"1997 Jun 01",12.7
"1997 Jul 01",10.4
"1997 Aug 01",24.4
"1997 Sep 01",51.3
"1997 Oct 01",22.8
"1997 Nov 01",39
"1997 Dec 01",41.2
"1998 Jan 01",31.9
"1998 Feb 01",40.3
"1998 Mar 01",54.8
"1998 Apr 01",53.4
"1998 May 01",56.3
"1998 Jun 01",70.7
"1998 Jul 01",66.6
"1998 Aug 01",92.2
"1998 Sep 01",92.9
"1998 Oct 01",55.5
"1998 Nov 01",74
"1998 Dec 01",81.9
"1999 Jan 01",62
"1999 Feb 01",66.3
"1999 Mar 01",68.8
"1999 Apr 01",63.7
"1999 May 01",106.4
"1999 Jun 01",137.7
"1999 Jul 01",113.5
"1999 Aug 01",93.7
"1999 Sep 01",71.5
"1999 Oct 01",116.7
"1999 Nov 01",133.2
"1999 Dec 01",84.6
"2000 Jan 01",90.1
"2000 Feb 01",112.9
"2000 Mar 01",138.5
"2000 Apr 01",125.5
"2000 May 01",121.6
"2000 Jun 01",124.9
"2000 Jul 01",170.1
"2000 Aug 01",130.5
"2000 Sep 01",109.7
"2000 Oct 01",99.4
"2000 Nov 01",106.8
"2000 Dec 01",104.4
"2001 Jan 01",95.6
"2001 Feb 01",80.6
"2001 Mar 01",113.5
"2001 Apr 01",107.7
"2001 May 01",96.6
"2001 Jun 01",134
"2001 Jul 01",81.8
"2001 Aug 01",106.4
"2001 Sep 01",150.7
"2001 Oct 01",125.5
"2001 Nov 01",106.5
"2001 Dec 01",132.2
"2002 Jan 01",114.1
"2002 Feb 01",107.4
"2002 Mar 01",98.4
"2002 Apr 01",120.7
"2002 May 01",120.8
"2002 Jun 01",88.3
"2002 Jul 01",99.6
"2002 Aug 01",116.4
"2002 Sep 01",109.6
"2002 Oct 01",97.5
"2002 Nov 01",95.5
"2002 Dec 01",80.8
"2003 Jan 01",79.7
"2003 Feb 01",46
"2003 Mar 01",61.1
"2003 Apr 01",60
"2003 May 01",54.6
"2003 Jun 01",77.4
"2003 Jul 01",83.3
"2003 Aug 01",72.7
"2003 Sep 01",48.7
"2003 Oct 01",65.5
"2003 Nov 01",67.3
"2003 Dec 01",46.5
"2004 Jan 01",37.3
"2004 Feb 01",45.8
"2004 Mar 01",49.1
"2004 Apr 01",39.3
"2004 May 01",41.5
"2004 Jun 01",43.2
"2004 Jul 01",51.1
"2004 Aug 01",40.9
"2004 Sep 01",27.7
"2004 Oct 01",48
"2004 Nov 01",43.5
"2004 Dec 01",17.9
"2005 Jan 01",31.3
"2005 Feb 01",29.2
"2005 Mar 01",24.5
"2005 Apr 01",24.2
"2005 May 01",42.7
"2005 Jun 01",39.3
"2005 Jul 01",40.1
"2005 Aug 01",36.4
"2005 Sep 01",21.9
"2005 Oct 01",8.7
"2005 Nov 01",18
"2005 Dec 01",41.1
"2006 Jan 01",15.3
"2006 Feb 01",4.9
"2006 Mar 01",10.6
"2006 Apr 01",30.2
"2006 May 01",22.3
"2006 Jun 01",13.9
"2006 Jul 01",12.2
"2006 Aug 01",12.9
"2006 Sep 01",14.4
"2006 Oct 01",10.5
"2006 Nov 01",21.4
"2006 Dec 01",13.6
"2007 Jan 01",16.8
"2007 Feb 01",10.7
"2007 Mar 01",4.5
"2007 Apr 01",3.4
"2007 May 01",11.7
"2007 Jun 01",12.1
"2007 Jul 01",9.7
"2007 Aug 01",6
"2007 Sep 01",2.4
"2007 Oct 01",0.9
"2007 Nov 01",1.7
"2007 Dec 01",10.1
"2008 Jan 01",3.3
"2008 Feb 01",2.1
"2008 Mar 01",9.3
"2008 Apr 01",2.9
"2008 May 01",3.2
"2008 Jun 01",3.4
"2008 Jul 01",0.8
"2008 Aug 01",0.5
"2008 Sep 01",1.1
"2008 Oct 01",2.9
"2008 Nov 01",4.1
"2008 Dec 01",0.8
"2009 Jan 01",1.3
"2009 Feb 01",1.4
"2009 Mar 01",0.7
"2009 Apr 01",0.8
"2009 May 01",2.9
"2009 Jun 01",2.9
"2009 Jul 01",3.2
"2009 Aug 01",0
"2009 Sep 01",4.3
"2009 Oct 01",4.8
"2009 Nov 01",4.1
"2009 Dec 01",10.8
"2010 Jan 01",13.2
"2010 Feb 01",18.8
"2010 Mar 01",15.4
"2010 Apr 01",8
"2010 May 01",8.7
"2010 Jun 01",13.6
"2010 Jul 01",16.1
"2010 Aug 01",19.6
"2010 Sep 01",25.2
"2010 Oct 01",23.5
"2010 Nov 01",21.5
"2010 Dec 01",14.4
"2011 Jan 01",18.8
"2011 Feb 01",29.6
"2011 Mar 01",55.8
"2011 Apr 01",54.4
"2011 May 01",41.6
"2011 Jun 01",37
"2011 Jul 01",43.8
"2011 Aug 01",50.6
"2011 Sep 01",78
"2011 Oct 01",88
"2011 Nov 01",96.7
"2011 Dec 01",73
"2012 Jan 01",58.3
"2012 Feb 01",32.9
"2012 Mar 01",64.3
"2012 Apr 01",55.2
"2012 May 01",69
"2012 Jun 01",64.5
"2012 Jul 01",66.5
"2012 Aug 01",63
"2012 Sep 01",61.4
"2012 Oct 01",53.3
"2012 Nov 01",61.8
"2012 Dec 01",40.8
"2013 Jan 01",62.9
"2013 Feb 01",38.1
"2013 Mar 01",57.9
"2013 Apr 01",72.4
"2013 May 01",78.7
"2013 Jun 01",52.5
"2013 Jul 01",57
"2013 Aug 01",66
"2013 Sep 01",37
